date,game_pk,home_team,away_team,predicted_winner,predicted_probability,above_threshold,metric,actual_winner,game_played,model_version,market_home_win_probability,market_odds_snapshot_id,market_odds_snapshot_role,market_provider_event_id,market_sportsbook,market_captured_at_utc,market_home_moneyline,market_away_moneyline,bet_units,bet_side,bet_team,bet_moneyline,bet_stake_fraction,bet_profit_units,home_win_probability_pessimistic,away_win_probability_pessimistic,prediction_timestamp_utc,prediction_code_sha,model_artifact_id,training_data_cutoff,feature_schema_hash,selection_logic_version,selection_metric,selection_score,probability_source,fallback_used,fallback_reason,prediction_snapshot_type,lineup_status,starter_status
2026-09-03,823337,PIT,SF,PIT,0.5440346580284203,False,GamePick_Win_Probability,,,v1,,,,,,,,,0.0,,,,0.0,,0.4852589543676276,0.397189638310787,2026-09-04T04:03:53Z,c9941eec89af9fbc7026438be98dd11c4dbe3426,legacy,,,v1,predicted_probability,0.5440346580284203,calibrated_home_win_probability,False,,morning,unconfirmed,probable
2026-09-03,824388,CLE,TOR,CLE,0.5457944798864225,False,GamePick_Win_Probability,,,v1,,,,,,,,,0.0,,,,0.0,,0.486471146774689,0.3948821870018441,2026-09-04T04:03:53Z,c9941eec89af9fbc7026438be98dd11c4dbe3426,legacy,,,v1,predicted_probability,0.5457944798864225,calibrated_home_win_probability,False,,morning,unconfirmed,probable
2026-09-03,824144,HOU,CWS,HOU,0.5582429298494347,False,GamePick_Win_Probability,,,v1,,,,,,,,,0.0,,,,0.0,,0.4989563275620862,0.3824704678632168,2026-09-04T04:03:53Z,c9941eec89af9fbc7026438be98dd11c4dbe3426,legacy,,,v1,predicted_probability,0.5582429298494347,calibrated_home_win_probability,False,,morning,unconfirmed,probable
2026-09-03,824796,BAL,BOS,BAL,0.5184823856523793,False,GamePick_Win_Probability,,,v1,,,,,,,,,0.0,,,,0.0,,0.4593390185857784,0.4223742472810199,2026-09-04T04:03:53Z,c9941eec89af9fbc7026438be98dd11c4dbe3426,legacy,,,v1,predicted_probability,0.5184823856523793,calibrated_home_win_probability,False,,morning,unconfirmed,probable
2026-09-03,824632,CHC,MIL,CHC,0.5048975108019629,False,GamePick_Win_Probability,,,v1,,,,,,,,,0.0,,,,0.0,,0.4467448365676287,0.4369498149637029,2026-09-04T04:03:53Z,c9941eec89af9fbc7026438be98dd11c4dbe3426,legacy,,,v1,predicted_probability,0.5048975108019629,calibrated_home_win_probability,False,,morning,unconfirmed,probable
2026-09-03,824069,KC,MIA,KC,0.5377272351729351,False,GamePick_Win_Probability,,,v1,,,,,,,,,0.0,,,,0.0,,0.4787011508213141,0.403246680475444,2026-09-04T04:03:53Z,c9941eec89af9fbc7026438be98dd11c4dbe3426,legacy,,,v1,predicted_probability,0.5377272351729351,calibrated_home_win_probability,False,,morning,unconfirmed,probable
2026-09-03,822853,TEX,TB,TB,0.508699817290208,False,GamePick_Win_Probability,,,v1,,,,,,,,,0.0,,,,0.0,,0.4325364002065419,0.4499360347869579,2026-09-04T04:03:53Z,c9941eec89af9fbc7026438be98dd11c4dbe3426,legacy,,,v1,predicted_probability,0.508699817290208,calibrated_home_win_probability,False,,morning,unconfirmed,probable
2026-09-03,823095,SEA,ATH,SEA,0.5054050158502981,False,GamePick_Win_Probability,,,v1,,,,,,,,,0.0,,,,0.0,,0.4470053747237071,0.4361953430231109,2026-09-04T04:03:53Z,c9941eec89af9fbc7026438be98dd11c4dbe3426,legacy,,,v1,predicted_probability,0.5054050158502981,calibrated_home_win_probability,False,,morning,unconfirmed,probable
2026-09-03,823907,LAD,STL,LAD,0.5466075423080203,False,GamePick_Win_Probability,,,v1,,,,,,,,,0.0,,,,0.0,,0.4877604787681509,0.3945453941521102,2026-09-04T04:03:53Z,c9941eec89af9fbc7026438be98dd11c4dbe3426,legacy,,,v1,predicted_probability,0.5466075423080203,calibrated_home_win_probability,False,,morning,unconfirmed,probable
2026-09-04 00:00:00,824424,CLE,DET,CLE,0.5634496167483001,False,GamePick_Win_Probability,,,v1,0.5403677058353318,odds_4ac7bb31b020,morning,401877193.0,DraftKings,2026-09-04T16:33:15Z,-130.0,108.0,0.0,,,,0.0,,0.5042151536824993,0.3773159201858991,2026-09-04T16:33:18Z,6c938e306ce54964278c174d41cc33d6d66b7f41,legacy,,,v1,predicted_probability,0.5634496167483001,calibrated_home_win_probability,False,,morning,unconfirmed,probable
2026-09-04 00:00:00,824387,CLE,DET,CLE,0.609982683219805,True,GamePick_Win_Probability,,,v1,0.5630832299476779,odds_74b621921482,morning,401816801.0,DraftKings,2026-09-04T16:33:15Z,-143.0,119.0,0.0,,,,0.0,,0.5507482201540042,0.3307828537143942,2026-09-04T16:33:18Z,6c938e306ce54964278c174d41cc33d6d66b7f41,legacy,,,v1,predicted_probability,0.609982683219805,calibrated_home_win_probability,False,,morning,unconfirmed,probable
2026-09-04 00:00:00,824471,CIN,MIL,MIL,0.517873733740184,False,GamePick_Win_Probability,,,v1,0.4070892345793669,odds_9cdb245b8616,morning,401816802.0,DraftKings,2026-09-04T16:33:15Z,135.0,-163.0,0.0,,,,0.0,,0.4238432047153585,0.4595906721957264,2026-09-04T16:33:18Z,6c938e306ce54964278c174d41cc33d6d66b7f41,legacy,,,v1,predicted_probability,0.517873733740184,calibrated_home_win_probability,False,,morning,unconfirmed,probable
2026-09-04 00:00:00,823418,PHI,ATL,PHI,0.5346971091910081,False,GamePick_Win_Probability,,,v1,0.5205006473888649,odds_b56f2d0644cf,morning,401816798.0,DraftKings,2026-09-04T16:33:15Z,-120.0,-101.0,0.0,,,,0.0,,0.4762305707848283,0.4068363524028121,2026-09-04T16:33:18Z,6c938e306ce54964278c174d41cc33d6d66b7f41,legacy,,,v1,predicted_probability,0.5346971091910081,calibrated_home_win_probability,False,,morning,unconfirmed,probable
2026-09-04 00:00:00,823338,PIT,LAA,PIT,0.5139294997277052,False,GamePick_Win_Probability,,,v1,0.6360260888682611,odds_1f40d30bf764,morning,401816797.0,DraftKings,2026-09-04T16:33:15Z,-198.0,163.0,0.0,,,,0.0,,0.4556942531461466,0.4278352536907363,2026-09-04T16:33:18Z,6c938e306ce54964278c174d41cc33d6d66b7f41,legacy,,,v1,predicted_probability,0.5139294997277052,calibrated_home_win_probability,False,,morning,unconfirmed,probable
2026-09-04 00:00:00,824797,BAL,BOS,BAL,0.5483298076566744,False,GamePick_Win_Probability,,,v1,0.4782608695652174,odds_1baa50bf8faa,morning,401816799.0,DraftKings,2026-09-04T16:33:15Z,100.0,-120.0,0.0,,,,0.0,,0.4894131673217278,0.392753552008379,2026-09-04T16:33:18Z,6c938e306ce54964278c174d41cc33d6d66b7f41,legacy,,,v1,predicted_probability,0.5483298076566744,calibrated_home_win_probability,False,,morning,unconfirmed,probable
2026-09-04 00:00:00,823579,NYM,SF,NYM,0.538159585305494,False,GamePick_Win_Probability,,,v1,0.6295547070574253,odds_e8762ce2293f,morning,401816803.0,DraftKings,2026-09-04T16:33:15Z,-193.0,158.0,0.0,,,,0.0,,0.4796526955324366,0.4033335249214486,2026-09-04T16:33:18Z,6c938e306ce54964278c174d41cc33d6d66b7f41,legacy,,,v1,predicted_probability,0.538159585305494,calibrated_home_win_probability,False,,morning,unconfirmed,probable
2026-09-04 00:00:00,823824,MIA,CHC,MIA,0.5297902817446632,False,GamePick_Win_Probability,,,v1,0.4086853434828726,odds_f00e2370c692,morning,401816800.0,DraftKings,2026-09-04T16:33:15Z,134.0,-162.0,0.0,,,,0.0,,0.4709918563984938,0.4114112929091673,2026-09-04T16:33:18Z,6c938e306ce54964278c174d41cc33d6d66b7f41,legacy,,,v1,predicted_probability,0.5297902817446632,calibrated_home_win_probability,False,,morning,unconfirmed,probable
2026-09-04 00:00:00,824554,CWS,MIN,CWS,0.5217029578118949,False,GamePick_Win_Probability,,,v1,0.5151837230488916,odds_5a2d79209e32,morning,401816805.0,DraftKings,2026-09-04T16:33:15Z,-117.0,-103.0,0.0,,,,0.0,,0.462535561487669,0.4191296458638792,2026-09-04T16:33:18Z,6c938e306ce54964278c174d41cc33d6d66b7f41,legacy,,,v1,predicted_probability,0.5217029578118949,calibrated_home_win_probability,False,,morning,unconfirmed,probable
2026-09-04 00:00:00,822852,TEX,TB,TB,0.5037336881939996,False,GamePick_Win_Probability,,,v1,0.5120034919249236,odds_3ae6b5e82c4b,morning,401816806.0,DraftKings,2026-09-04T16:33:15Z,-115.0,-104.0,0.0,,,,0.0,,0.4376601387021935,0.4451275150901926,2026-09-04T16:33:18Z,6c938e306ce54964278c174d41cc33d6d66b7f41,legacy,,,v1,predicted_probability,0.5037336881939996,calibrated_home_win_probability,False,,morning,unconfirmed,probable
2026-09-04 00:00:00,824146,HOU,AZ,HOU,0.5281184854796024,False,GamePick_Win_Probability,,,v1,0.5423839616474178,odds_fecebd095644,morning,401816804.0,DraftKings,2026-09-04T16:33:15Z,-131.0,109.0,0.0,,,,0.0,,0.4691487257150991,0.4129117547558943,2026-09-04T16:33:18Z,6c938e306ce54964278c174d41cc33d6d66b7f41,legacy,,,v1,predicted_probability,0.5281184854796024,calibrated_home_win_probability,False,,morning,unconfirmed,probable
2026-09-04 00:00:00,824067,KC,TOR,KC,0.5195115675932309,False,GamePick_Win_Probability,,,v1,0.5183284457478006,odds_c3bc55494eb0,morning,401816807.0,DraftKings,2026-09-04T16:33:15Z,-119.0,-102.0,0.0,,,,0.0,,0.4606658277537453,0.4216426925672835,2026-09-04T16:33:18Z,6c938e306ce54964278c174d41cc33d6d66b7f41,legacy,,,v1,predicted_probability,0.5195115675932309,calibrated_home_win_probability,False,,morning,unconfirmed,probable
2026-09-04 00:00:00,824311,COL,STL,STL,0.5170794741940491,False,GamePick_Win_Probability,,,v1,0.4657843439006873,odds_9b2fa5237c91,morning,401816808.0,DraftKings,2026-09-04T16:33:15Z,105.0,-127.0,0.0,,,,0.0,,0.4245787159874051,0.4587376643755033,2026-09-04T16:33:18Z,6c938e306ce54964278c174d41cc33d6d66b7f41,legacy,,,v1,predicted_probability,0.5170794741940491,calibrated_home_win_probability,False,,morning,unconfirmed,probable
2026-09-04 00:00:00,823256,SD,NYY,SD,0.5134811442931627,False,GamePick_Win_Probability,,,v1,0.4816715542521994,odds_bd64a243da7f,morning,401816810.0,DraftKings,2026-09-04T16:33:15Z,-102.0,-119.0,0.0,,,,0.0,,0.4545876592976954,0.42762537071137,2026-09-04T16:33:18Z,6c938e306ce54964278c174d41cc33d6d66b7f41,legacy,,,v1,predicted_probability,0.5134811442931627,calibrated_home_win_probability,False,,morning,unconfirmed,probable
2026-09-04 00:00:00,823905,LAD,WSH,LAD,0.5635621475138584,False,GamePick_Win_Probability,,,v1,0.7126858014013896,odds_7fdbb102d8fa,morning,401816811.0,DraftKings,2026-09-04T16:33:15Z,-292.0,233.0,0.0,,,,0.0,,0.5051058131518062,0.3779815181240895,2026-09-04T16:33:18Z,6c938e306ce54964278c174d41cc33d6d66b7f41,legacy,,,v1,predicted_probability,0.5635621475138584,calibrated_home_win_probability,False,,morning,unconfirmed,probable
2026-09-04 00:00:00,823093,SEA,ATH,SEA,0.5220023915227816,False,GamePick_Win_Probability,,,v1,0.6656300180905339,odds_43297583076b,morning,401816809.0,DraftKings,2026-09-04T16:33:15Z,-229.0,186.0,0.0,,,,0.0,,0.463762790709438,0.4197580076638748,2026-09-04T16:33:18Z,6c938e306ce54964278c174d41cc33d6d66b7f41,legacy,,,v1,predicted_probability,0.5220023915227816,calibrated_home_win_probability,False,,morning,unconfirmed,probable
2026-09-05 00:00:00,823577,NYM,SF,SF,0.5005573878047962,False,GamePick_Win_Probability,,,v1,0.6219831346321605,odds_8e311f72d5a4,morning,401816818.0,DraftKings,2026-09-05T13:35:44Z,-186.0,153.0,0.0,,,,0.0,,0.4411499445251914,0.4422647201347837,2026-09-05T13:35:46Z,58e41fec38ad233e8838a24cb6b1e385c4f51d61,legacy,,,v1,predicted_probability,0.5005573878047962,calibrated_home_win_probability,False,,morning,unconfirmed,probable
2026-09-05 00:00:00,823823,MIA,CHC,CHC,0.5200921833316148,False,GamePick_Win_Probability,,,v1,0.4470179938888678,odds_ebad2a2839a4,morning,401816815.0,DraftKings,2026-09-05T13:35:44Z,114.0,-137.0,0.0,,,,0.0,,0.4213370789334169,0.4615214455966464,2026-09-05T13:35:46Z,58e41fec38ad233e8838a24cb6b1e385c4f51d61,legacy,,,v1,predicted_probability,0.5200921833316148,calibrated_home_win_probability,False,,morning,unconfirmed,probable
2026-09-05 00:00:00,823419,PHI,ATL,PHI,0.5108206842051395,False,GamePick_Win_Probability,,,v1,0.592910765420633,odds_b95d461d67da,morning,401816813.0,DraftKings,2026-09-05T13:35:44Z,-163.0,135.0,0.0,,,,0.0,,0.4525631657575358,0.4309217973472568,2026-09-05T13:35:46Z,58e41fec38ad233e8838a24cb6b1e385c4f51d61,legacy,,,v1,predicted_probability,0.5108206842051395,calibrated_home_win_probability,False,,morning,unconfirmed,probable
2026-09-05 00:00:00,824389,CLE,DET,CLE,0.6011804085864413,True,GamePick_Win_Probability,,,v1,0.5842096748099014,odds_95ba799cfef2,morning,401816816.0,DraftKings,2026-09-05T13:35:44Z,-157.0,130.0,0.0,,,,0.0,,0.5423989446845349,0.3400381275116522,2026-09-05T13:35:46Z,58e41fec38ad233e8838a24cb6b1e385c4f51d61,legacy,,,v1,predicted_probability,0.6011804085864413,calibrated_home_win_probability,False,,morning,unconfirmed,probable
2026-09-05 00:00:00,823335,PIT,LAA,PIT,0.587387709278362,True,GamePick_Win_Probability,,,v1,0.6219831346321605,odds_5d63cae57cef,morning,401816812.0,DraftKings,2026-09-05T13:35:44Z,-186.0,153.0,0.0,,,,0.0,,0.5293927355621878,0.3546173170054637,2026-09-05T13:35:46Z,58e41fec38ad233e8838a24cb6b1e385c4f51d61,legacy,,,v1,predicted_probability,0.587387709278362,calibrated_home_win_probability,False,,morning,unconfirmed,probable
2026-09-05 00:00:00,824468,CIN,MIL,MIL,0.5320603453660503,False,GamePick_Win_Probability,,,v1,0.4157903251900987,odds_57c090b2ef57,morning,401816817.0,DraftKings,2026-09-05T13:35:44Z,130.0,-157.0,0.0,,,,0.0,,0.4099086578626224,0.474029348594723,2026-09-05T13:35:46Z,58e41fec38ad233e8838a24cb6b1e385c4f51d61,legacy,,,v1,predicted_probability,0.5320603453660503,calibrated_home_win_probability,False,,morning,unconfirmed,probable
2026-09-05 00:00:00,824795,BAL,BOS,BAL,0.5378873759166924,False,GamePick_Win_Probability,,,v1,0.4283723570801864,odds_7baf63650602,morning,401816814.0,DraftKings,2026-09-05T13:35:44Z,123.0,-149.0,0.0,,,,0.0,,0.4791975382949865,0.4034227864616017,2026-09-05T13:35:46Z,58e41fec38ad233e8838a24cb6b1e385c4f51d61,legacy,,,v1,predicted_probability,0.5378873759166924,calibrated_home_win_probability,False,,morning,unconfirmed,probable
2026-09-05 00:00:00,822850,TEX,TB,TEX,0.5129071507997081,False,GamePick_Win_Probability,,,v1,0.4967303165053623,odds_bdba682c76b7,morning,401816821.0,DraftKings,2026-09-05T13:35:44Z,-108.0,-111.0,0.0,,,,0.0,,0.4545414451125345,0.4287271435131184,2026-09-05T13:35:46Z,58e41fec38ad233e8838a24cb6b1e385c4f51d61,legacy,,,v1,predicted_probability,0.5129071507997081,calibrated_home_win_probability,False,,morning,unconfirmed,probable
2026-09-05 00:00:00,824066,KC,TOR,TOR,0.520435895228391,False,GamePick_Win_Probability,,,v1,0.5098167539267016,odds_2fa5f7728575,morning,401816822.0,DraftKings,2026-09-05T13:35:44Z,-114.0,-105.0,0.0,,,,0.0,,0.4209439547912107,0.4618157452479926,2026-09-05T13:35:46Z,58e41fec38ad233e8838a24cb6b1e385c4f51d61,legacy,,,v1,predicted_probability,0.520435895228391,calibrated_home_win_probability,False,,morning,unconfirmed,probable
2026-09-05 00:00:00,824553,CWS,MIN,CWS,0.5140193123253859,False,GamePick_Win_Probability,,,v1,0.524849107486837,odds_9290150ed5e7,morning,401816820.0,DraftKings,2026-09-05T13:35:44Z,-122.0,101.0,0.0,,,,0.0,,0.455079057444777,0.4270404327940053,2026-09-05T13:35:46Z,58e41fec38ad233e8838a24cb6b1e385c4f51d61,legacy,,,v1,predicted_probability,0.5140193123253859,calibrated_home_win_probability,False,,morning,unconfirmed,probable
2026-09-05 00:00:00,824145,HOU,AZ,HOU,0.5484949126575953,False,GamePick_Win_Probability,,,v1,0.5043297540699688,odds_410a3718f7a4,morning,401816819.0,DraftKings,2026-09-05T13:35:44Z,-112.0,-108.0,0.0,,,,0.0,,0.4897267752152514,0.3927369499000608,2026-09-05T13:35:46Z,58e41fec38ad233e8838a24cb6b1e385c4f51d61,legacy,,,v1,predicted_probability,0.5484949126575953,calibrated_home_win_probability,False,,morning,unconfirmed,probable
2026-09-05 00:00:00,823257,SD,NYY,SD,0.5272202353002079,False,GamePick_Win_Probability,,,v1,0.50763258897418,odds_c54479322592,morning,401816825.0,DraftKings,2026-09-05T13:35:44Z,-113.0,-106.0,0.0,,,,0.0,,0.4685106274041167,0.4140701568037009,2026-09-05T13:35:46Z,58e41fec38ad233e8838a24cb6b1e385c4f51d61,legacy,,,v1,predicted_probability,0.5272202353002079,calibrated_home_win_probability,False,,morning,unconfirmed,probable
2026-09-05 00:00:00,824310,COL,STL,COL,0.5341277225248567,False,GamePick_Win_Probability,,,v1,0.4678701556806889,odds_3c5728c3d373,morning,401816823.0,DraftKings,2026-09-05T13:35:44Z,104.0,-126.0,0.0,,,,0.0,,0.4760279296157569,0.4077724845660435,2026-09-05T13:35:46Z,58e41fec38ad233e8838a24cb6b1e385c4f51d61,legacy,,,v1,predicted_probability,0.5341277225248567,calibrated_home_win_probability,False,,morning,unconfirmed,probable
2026-09-05 00:00:00,823904,LAD,WSH,LAD,0.5492563074661586,False,GamePick_Win_Probability,,,v1,0.6669919615280139,odds_e7b7637f8eb1,morning,401816826.0,DraftKings,2026-09-05T13:35:44Z,-231.0,187.0,0.0,,,,0.0,,0.491048633764428,0.3925360188321108,2026-09-05T13:35:46Z,58e41fec38ad233e8838a24cb6b1e385c4f51d61,legacy,,,v1,predicted_probability,0.5492563074661586,calibrated_home_win_probability,False,,morning,unconfirmed,probable
2026-09-05 00:00:00,823094,SEA,ATH,SEA,0.5047765257085273,False,GamePick_Win_Probability,,,v1,0.6832579185520362,odds_65f0b9a7fa7c,morning,401816824.0,DraftKings,2026-09-05T13:35:44Z,-250.0,202.0,0.0,,,,0.0,,0.446699290089858,0.4371462386728034,2026-09-05T13:35:46Z,58e41fec38ad233e8838a24cb6b1e385c4f51d61,legacy,,,v1,predicted_probability,0.5047765257085273,calibrated_home_win_probability,False,,morning,unconfirmed,probable
2026-09-06 00:00:00,824469,CIN,MIL,MIL,0.501284127911992,False,GamePick_Win_Probability,,,v1,0.4283723570801864,odds_dd18038d9a66,morning,401816832.0,DraftKings,2026-09-06T13:50:38Z,123.0,-149.0,0.0,,,,0.0,,0.4408173785754015,0.4433856343993853,2026-09-06T13:50:41Z,d7db11959869d0069c584e5de6fd4541516cedf1,legacy,,,v1,predicted_probability,0.501284127911992,calibrated_home_win_probability,False,,morning,unconfirmed,probable
2026-09-06 00:00:00,823417,PHI,ATL,PHI,0.5193758310074117,False,GamePick_Win_Probability,,,v1,0.5,odds_4506bfb45b5c,morning,401816828.0,DraftKings,2026-09-06T13:50:38Z,-110.0,-110.0,0.0,,,,0.0,,0.4612985953887424,0.422546933373919,2026-09-06T13:50:41Z,d7db11959869d0069c584e5de6fd4541516cedf1,legacy,,,v1,predicted_probability,0.5193758310074117,calibrated_home_win_probability,False,,morning,unconfirmed,probable
2026-09-06 00:00:00,824794,BAL,BOS,BAL,0.5167624680938024,False,GamePick_Win_Probability,,,v1,0.4362128146453089,odds_f92170d6fd88,morning,401816829.0,DraftKings,2026-09-06T13:50:38Z,119.0,-144.0,0.0,,,,0.0,,0.4582994222737711,0.4247744860861662,2026-09-06T13:50:41Z,d7db11959869d0069c584e5de6fd4541516cedf1,legacy,,,v1,predicted_probability,0.5167624680938024,calibrated_home_win_probability,False,,morning,unconfirmed,probable
2026-09-06 00:00:00,823336,PIT,LAA,PIT,0.5347416623920717,False,GamePick_Win_Probability,,,v1,0.6417966724796154,odds_d261bc0e8ca8,morning,401816827.0,DraftKings,2026-09-06T13:50:38Z,-204.0,167.0,0.0,,,,0.0,,0.4768890736640461,0.4074057488799028,2026-09-06T13:50:41Z,d7db11959869d0069c584e5de6fd4541516cedf1,legacy,,,v1,predicted_probability,0.5347416623920717,calibrated_home_win_probability,False,,morning,unconfirmed,probable
2026-09-06 00:00:00,824385,CLE,DET,CLE,0.5782282257442641,False,GamePick_Win_Probability,,,v1,0.6062821788603816,odds_66190853ebb1,morning,401816831.0,DraftKings,2026-09-06T13:50:38Z,-173.0,143.0,0.0,,,,0.0,,0.5196298651161011,0.3631734136275728,2026-09-06T13:50:41Z,d7db11959869d0069c584e5de6fd4541516cedf1,legacy,,,v1,predicted_probability,0.5782282257442641,calibrated_home_win_probability,False,,morning,unconfirmed,probable
2026-09-06 00:00:00,823578,NYM,SF,NYM,0.5383296218624616,False,GamePick_Win_Probability,,,v1,0.5842096748099014,odds_d5a2aee7265b,morning,401816833.0,DraftKings,2026-09-06T13:50:38Z,-157.0,130.0,0.0,,,,0.0,,0.4802150469593959,0.4035558032344727,2026-09-06T13:50:41Z,d7db11959869d0069c584e5de6fd4541516cedf1,legacy,,,v1,predicted_probability,0.5383296218624616,calibrated_home_win_probability,False,,morning,unconfirmed,probable
2026-09-06 00:00:00,823822,MIA,CHC,CHC,0.5183799457231374,False,GamePick_Win_Probability,,,v1,0.4266211604095563,odds_d247ff413ae8,morning,401816830.0,DraftKings,2026-09-06T13:50:38Z,124.0,-150.0,0.0,,,,0.0,,0.4232769478967739,0.4600368393430487,2026-09-06T13:50:41Z,d7db11959869d0069c584e5de6fd4541516cedf1,legacy,,,v1,predicted_probability,0.5183799457231374,calibrated_home_win_probability,False,,morning,unconfirmed,probable
2026-09-06 00:00:00,824142,HOU,AZ,HOU,0.5511384534931935,False,GamePick_Win_Probability,,,v1,0.5043297540699688,odds_0e41269abd1c,morning,401816834.0,DraftKings,2026-09-06T13:50:38Z,-112.0,-108.0,0.0,,,,0.0,,0.4925784937637635,0.3903015867773766,2026-09-06T13:50:41Z,d7db11959869d0069c584e5de6fd4541516cedf1,legacy,,,v1,predicted_probability,0.5511384534931935,calibrated_home_win_probability,False,,morning,unconfirmed,probable
2026-09-06 00:00:00,824065,KC,TOR,KC,0.5016075600150353,False,GamePick_Win_Probability,,,v1,0.4751508925131629,odds_c045d81d2f3b,morning,401816837.0,DraftKings,2026-09-06T13:50:38Z,101.0,-122.0,0.0,,,,0.0,,0.4432130208525677,0.4399979008224972,2026-09-06T13:50:41Z,d7db11959869d0069c584e5de6fd4541516cedf1,legacy,,,v1,predicted_probability,0.5016075600150353,calibrated_home_win_probability,False,,morning,unconfirmed,probable
2026-09-06 00:00:00,822848,TEX,TB,TEX,0.5203471250672684,False,GamePick_Win_Probability,,,v1,0.5032696834946377,odds_672f3e66c1d4,morning,401816836.0,DraftKings,2026-09-06T13:50:38Z,-111.0,-108.0,0.0,,,,0.0,,0.4622213961183507,0.4215271459838138,2026-09-06T13:50:41Z,d7db11959869d0069c584e5de6fd4541516cedf1,legacy,,,v1,predicted_probability,0.5203471250672684,calibrated_home_win_probability,False,,morning,unconfirmed,probable
2026-09-06 00:00:00,824309,COL,STL,COL,0.5084895976846159,False,GamePick_Win_Probability,,,v1,0.4508825786646201,odds_3368883c6304,morning,401816838.0,DraftKings,2026-09-06T13:50:38Z,112.0,-135.0,0.0,,,,0.0,,0.450534185065272,0.4335549896960403,2026-09-06T13:50:41Z,d7db11959869d0069c584e5de6fd4541516cedf1,legacy,,,v1,predicted_probability,0.5084895976846159,calibrated_home_win_probability,False,,morning,unconfirmed,probable
2026-09-06 00:00:00,823091,SEA,ATH,ATH,0.5179875196361019,False,GamePick_Win_Probability,,,v1,0.6421657769695547,odds_a9a5ac772a64,morning,401816839.0,DraftKings,2026-09-06T13:50:38Z,-205.0,167.0,0.0,,,,0.0,,0.4240997568388387,0.4600747961110425,2026-09-06T13:50:41Z,d7db11959869d0069c584e5de6fd4541516cedf1,legacy,,,v1,predicted_probability,0.5179875196361019,calibrated_home_win_probability,False,,morning,unconfirmed,probable
2026-09-06 00:00:00,823253,SD,NYY,SD,0.5469454265031074,False,GamePick_Win_Probability,,,v1,0.4848162769511084,odds_6249efe3d0a0,morning,401816840.0,DraftKings,2026-09-06T13:50:38Z,-103.0,-117.0,0.0,,,,0.0,,0.4884561646417109,0.3945653116354961,2026-09-06T13:50:41Z,d7db11959869d0069c584e5de6fd4541516cedf1,legacy,,,v1,predicted_probability,0.5469454265031074,calibrated_home_win_probability,False,,morning,unconfirmed,probable
2026-09-06 00:00:00,824552,CWS,MIN,CWS,0.5359603446510608,False,GamePick_Win_Probability,,,v1,0.5733788395904437,odds_47c140199308,morning,401816835.0,DraftKings,2026-09-06T13:50:38Z,-150.0,124.0,0.0,,,,0.0,,0.4772066993028342,0.4052860100007127,2026-09-06T13:50:41Z,d7db11959869d0069c584e5de6fd4541516cedf1,legacy,,,v1,predicted_probability,0.5359603446510608,calibrated_home_win_probability,False,,morning,unconfirmed,probable
2026-09-06 00:00:00,823903,LAD,WSH,LAD,0.5076882382693483,False,GamePick_Win_Probability,,,v1,0.654717947042229,odds_cfabfdaf44c2,morning,401816841.0,DraftKings,2026-09-06T13:50:38Z,-217.0,177.0,0.0,,,,0.0,,0.4497284168434157,0.4343519403047192,2026-09-06T13:50:41Z,d7db11959869d0069c584e5de6fd4541516cedf1,legacy,,,v1,predicted_probability,0.5076882382693483,calibrated_home_win_probability,False,,morning,unconfirmed,probable
2026-09-07 00:00:00,823415,PHI,ATL,PHI,0.5471029092336188,False,GamePick_Win_Probability,,,v1,0.6206070287539937,odds_aa0f82ea30e3,morning,401816843.0,DraftKings,2026-09-07T16:02:02Z,-185.0,152.0,0.0,,,,0.0,,0.4892305180791913,0.3950246996119537,2026-09-07T16:02:03Z,3e4b501faafb79341eaa6defb2748ca427dbd367,legacy,,,v1,predicted_probability,0.5471029092336188,calibrated_home_win_probability,False,,morning,unconfirmed,probable
2026-09-07 00:00:00,823820,MIA,NYM,NYM,0.5080088594888007,False,GamePick_Win_Probability,,,v1,0.551057677674631,odds_a15cb0e689bc,morning,401816846.0,DraftKings,2026-09-07T16:02:02Z,-136.0,113.0,0.0,,,,0.0,,0.4336116076937094,0.4496293266713108,2026-09-07T16:02:03Z,3e4b501faafb79341eaa6defb2748ca427dbd367,legacy,,,v1,predicted_probability,0.5080088594888007,calibrated_home_win_probability,False,,morning,unconfirmed,probable
2026-09-07 00:00:00,824715,BOS,LAA,BOS,0.5521441066977648,False,GamePick_Win_Probability,,,v1,0.6082621082621081,odds_bc8e139e7cf8,morning,401816842.0,DraftKings,2026-09-07T16:02:02Z,-175.0,144.0,0.0,,,,0.0,,0.4946627956325225,0.3903745822369929,2026-09-07T16:02:03Z,3e4b501faafb79341eaa6defb2748ca427dbd367,legacy,,,v1,predicted_probability,0.5521441066977648,calibrated_home_win_probability,False,,morning,unconfirmed,probable
2026-09-07 00:00:00,824793,BAL,CLE,BAL,0.505439481199525,False,GamePick_Win_Probability,,,v1,0.552982006111132,odds_aa3a4dafa2c5,morning,401816844.0,DraftKings,2026-09-07T16:02:02Z,-137.0,114.0,0.0,,,,0.0,,0.4470686552147694,0.4361896928157195,2026-09-07T16:02:03Z,3e4b501faafb79341eaa6defb2748ca427dbd367,legacy,,,v1,predicted_probability,0.505439481199525,calibrated_home_win_probability,False,,morning,unconfirmed,probable
2026-09-07 00:00:00,824062,KC,AZ,KC,0.5470193023049047,False,GamePick_Win_Probability,,,v1,0.5054504229528212,odds_4b7005fbf33f,morning,401816847.0,DraftKings,2026-09-07T16:02:02Z,-112.0,-107.0,0.0,,,,0.0,,0.4888446963300571,0.3948060917202478,2026-09-07T16:02:03Z,3e4b501faafb79341eaa6defb2748ca427dbd367,legacy,,,v1,predicted_probability,0.5470193023049047,calibrated_home_win_probability,False,,morning,unconfirmed,probable
2026-09-07 00:00:00,823742,MIL,CHC,MIL,0.5197695078674978,False,GamePick_Win_Probability,,,v1,0.532129844319311,odds_0b05e88e5ea9,morning,401816848.0,DraftKings,2026-09-07T16:02:02Z,-126.0,104.0,0.0,,,,0.0,,0.4623210566451994,0.4227820409102039,2026-09-07T16:02:03Z,3e4b501faafb79341eaa6defb2748ca427dbd367,legacy,,,v1,predicted_probability,0.5197695078674978,calibrated_home_win_probability,False,,morning,unconfirmed,probable
2026-09-07 00:00:00,824229,DET,MIN,MIN,0.5446568500685535,False,GamePick_Win_Probability,,,v1,0.524849107486837,odds_075c09daa913,morning,401816845.0,DraftKings,2026-09-07T16:02:02Z,-122.0,101.0,0.0,,,,0.0,,0.396897223247754,0.486210923384861,2026-09-07T16:02:03Z,3e4b501faafb79341eaa6defb2748ca427dbd367,legacy,,,v1,predicted_probability,0.5446568500685535,calibrated_home_win_probability,False,,morning,unconfirmed,probable
2026-09-07 00:00:00,823254,SD,WSH,SD,0.6003928914233829,True,GamePick_Win_Probability,,,v1,0.6282338561825219,odds_e7dfb86026a3,morning,401816852.0,DraftKings,2026-09-07T16:02:02Z,-192.0,157.0,0.0,,,,0.0,,0.542110681288474,0.3413248984417081,2026-09-07T16:02:03Z,3e4b501faafb79341eaa6defb2748ca427dbd367,legacy,,,v1,predicted_probability,0.6003928914233829,calibrated_home_win_probability,False,,morning,unconfirmed,probable
2026-09-07 00:00:00,823175,SF,STL,SF,0.5219889917566859,False,GamePick_Win_Probability,,,v1,0.5423839616474178,odds_6f7f550b849d,morning,401816850.0,DraftKings,2026-09-07T16:02:02Z,-131.0,109.0,0.0,,,,0.0,,0.4640648253164684,0.4200868418030966,2026-09-07T16:02:03Z,3e4b501faafb79341eaa6defb2748ca427dbd367,legacy,,,v1,predicted_probability,0.5219889917566859,calibrated_home_win_probability,False,,morning,unconfirmed,probable
2026-09-07 00:00:00,823902,LAD,CIN,LAD,0.5516021332244151,False,GamePick_Win_Probability,,,v1,0.6047890270835755,odds_270b958d00a8,morning,401816849.0,DraftKings,2026-09-07T16:02:02Z,-172.0,142.0,0.0,,,,0.0,,0.4936203337641697,0.3904160673153395,2026-09-07T16:02:03Z,3e4b501faafb79341eaa6defb2748ca427dbd367,legacy,,,v1,predicted_probability,0.5516021332244151,calibrated_home_win_probability,False,,morning,unconfirmed,probable
2026-09-07 00:00:00,824958,ATH,TOR,TOR,0.51939894372191,False,GamePick_Win_Probability,,,v1,0.355756039714465,odds_ca2f4487a98a,morning,401816851.0,DraftKings,2026-09-07T16:02:02Z,169.0,-206.0,0.0,,,,0.0,,0.4228350262851699,0.4616329137289898,2026-09-07T16:02:03Z,3e4b501faafb79341eaa6defb2748ca427dbd367,legacy,,,v1,predicted_probability,0.51939894372191,calibrated_home_win_probability,False,,morning,unconfirmed,probable
2026-09-08 00:00:00,824792,BAL,CLE,BAL,0.5093090883156776,False,GamePick_Win_Probability,,,v1,0.5270012302210156,odds_523e8e0f27b6,morning,401816854.0,DraftKings,2026-09-08T14:46:24Z,-123.0,102.0,0.0,,,,0.0,,0.451128512703386,0.4325103360720309,2026-09-08T14:46:25Z,202387fba84cc06a10524d9ed625434ca2710c71,legacy,,,v1,predicted_probability,0.5093090883156776,calibrated_home_win_probability,False,,morning,unconfirmed,probable
2026-09-08 00:00:00,824228,DET,MIN,DET,0.5207471754333475,False,GamePick_Win_Probability,,,v1,0.552982006111132,odds_a4be5b292e4e,morning,401816857.0,DraftKings,2026-09-08T14:46:24Z,-137.0,114.0,0.0,,,,0.0,,0.4624940021407765,0.4209996512740815,2026-09-08T14:46:25Z,202387fba84cc06a10524d9ed625434ca2710c71,legacy,,,v1,predicted_probability,0.5207471754333475,calibrated_home_win_probability,False,,morning,unconfirmed,probable
2026-09-08 00:00:00,823414,PHI,HOU,PHI,0.5405588935646863,False,GamePick_Win_Probability,,,v1,0.5630832299476779,odds_b4afa12534a4,morning,401816856.0,DraftKings,2026-09-08T14:46:24Z,-143.0,119.0,0.0,,,,0.0,,0.482389903601773,0.4012721164724003,2026-09-08T14:46:25Z,202387fba84cc06a10524d9ed625434ca2710c71,legacy,,,v1,predicted_probability,0.5405588935646863,calibrated_home_win_probability,False,,morning,unconfirmed,probable
2026-09-08 00:00:00,823821,MIA,NYM,MIA,0.556808572212656,False,GamePick_Win_Probability,,,v1,0.5342156560993125,odds_876017c27293,morning,401816858.0,DraftKings,2026-09-08T14:46:24Z,-127.0,105.0,0.0,,,,0.0,,0.4986115028160954,0.3849943583907834,2026-09-08T14:46:25Z,202387fba84cc06a10524d9ed625434ca2710c71,legacy,,,v1,predicted_probability,0.556808572212656,calibrated_home_win_probability,False,,morning,unconfirmed,probable
2026-09-08 00:00:00,824714,BOS,LAA,BOS,0.543095960020331,False,GamePick_Win_Probability,,,v1,0.5656028368794326,odds_91dce767ece4,morning,401816853.0,DraftKings,2026-09-08T14:46:24Z,-145.0,120.0,0.0,,,,0.0,,0.4858693006575016,0.3996773806168396,2026-09-08T14:46:25Z,202387fba84cc06a10524d9ed625434ca2710c71,legacy,,,v1,predicted_probability,0.543095960020331,calibrated_home_win_probability,False,,morning,unconfirmed,probable
2026-09-08 00:00:00,823500,NYY,COL,NYY,0.5841170841043296,True,GamePick_Win_Probability,,,v1,0.747633374108727,odds_0582ee0b2b02,morning,401816855.0,DraftKings,2026-09-08T14:46:24Z,-358.0,279.0,0.0,,,,0.0,,0.5265567782814847,0.3583226100728255,2026-09-08T14:46:25Z,202387fba84cc06a10524d9ed625434ca2710c71,legacy,,,v1,predicted_probability,0.5841170841043296,calibrated_home_win_probability,False,,morning,unconfirmed,probable
2026-09-08 00:00:00,824875,ATL,TB,ATL,0.5107731737392648,False,GamePick_Win_Probability,,,v1,0.5151837230488916,odds_f1d3a65cc30d,morning,401816859.0,DraftKings,2026-09-08T14:46:24Z,-117.0,-103.0,0.0,,,,0.0,,0.4532730888094634,0.4317267413309338,2026-09-08T14:46:25Z,202387fba84cc06a10524d9ed625434ca2710c71,legacy,,,v1,predicted_probability,0.5107731737392648,calibrated_home_win_probability,False,,morning,unconfirmed,probable
2026-09-08 00:00:00,824063,KC,AZ,KC,0.5515513463683436,False,GamePick_Win_Probability,,,v1,0.4794993526111351,odds_c66a8218047f,morning,401816860.0,DraftKings,2026-09-08T14:46:24Z,-101.0,-120.0,0.0,,,,0.0,,0.4936077665952311,0.390505073858544,2026-09-08T14:46:25Z,202387fba84cc06a10524d9ed625434ca2710c71,legacy,,,v1,predicted_probability,0.5515513463683436,calibrated_home_win_probability,False,,morning,unconfirmed,probable
2026-09-08 00:00:00,824551,CWS,PIT,CWS,0.547241665371813,False,GamePick_Win_Probability,,,v1,0.5656028368794326,odds_c21905ccb89b,morning,401816862.0,DraftKings,2026-09-08T14:46:24Z,-145.0,120.0,0.0,,,,0.0,,0.4887792837775396,0.3942959530339137,2026-09-08T14:46:25Z,202387fba84cc06a10524d9ed625434ca2710c71,legacy,,,v1,predicted_probability,0.547241665371813,calibrated_home_win_probability,False,,morning,unconfirmed,probable
2026-09-08 00:00:00,823738,MIL,CHC,MIL,0.5493321821736323,False,GamePick_Win_Probability,,,v1,0.6598675273527584,odds_78775891b432,morning,401816861.0,DraftKings,2026-09-08T14:46:24Z,-223.0,181.0,0.0,,,,0.0,,0.4920887050111094,0.3934243406638447,2026-09-08T14:46:25Z,202387fba84cc06a10524d9ed625434ca2710c71,legacy,,,v1,predicted_probability,0.5493321821736323,calibrated_home_win_probability,False,,morning,unconfirmed,probable
2026-09-08 00:00:00,823250,SD,WSH,SD,0.5468605258652187,False,GamePick_Win_Probability,,,v1,0.6295547070574253,odds_594862c65c17,morning,401816867.0,DraftKings,2026-09-08T14:46:24Z,-193.0,158.0,0.0,,,,0.0,,0.4888027533978683,0.3950817016674309,2026-09-08T14:46:25Z,202387fba84cc06a10524d9ed625434ca2710c71,legacy,,,v1,predicted_probability,0.5468605258652187,calibrated_home_win_probability,False,,morning,unconfirmed,probable
2026-09-08 00:00:00,823092,SEA,TEX,TEX,0.5141953228509755,False,GamePick_Win_Probability,,,v1,0.551057677674631,odds_11107e72bf03,morning,401816865.0,DraftKings,2026-09-08T14:46:24Z,-136.0,113.0,0.0,,,,0.0,,0.4274786432537167,0.4558692889556677,2026-09-08T14:46:25Z,202387fba84cc06a10524d9ed625434ca2710c71,legacy,,,v1,predicted_probability,0.5141953228509755,calibrated_home_win_probability,False,,morning,unconfirmed,probable
2026-09-08 00:00:00,824957,ATH,TOR,TOR,0.5043397963732039,False,GamePick_Win_Probability,,,v1,0.3758573033852989,odds_c1865bad9007,morning,401816866.0,DraftKings,2026-09-08T14:46:24Z,153.0,-191.0,0.0,,,,0.0,,0.4380433905868038,0.4467229833332116,2026-09-08T14:46:25Z,202387fba84cc06a10524d9ed625434ca2710c71,legacy,,,v1,predicted_probability,0.5043397963732039,calibrated_home_win_probability,False,,morning,unconfirmed,probable
2026-09-08 00:00:00,823174,SF,STL,SF,0.5185290953682088,False,GamePick_Win_Probability,,,v1,0.5032696834946377,odds_352b3a415513,morning,401816864.0,DraftKings,2026-09-08T14:46:24Z,-111.0,-108.0,0.0,,,,0.0,,0.4607625156169643,0.4237043248805467,2026-09-08T14:46:25Z,202387fba84cc06a10524d9ed625434ca2710c71,legacy,,,v1,predicted_probability,0.5185290953682088,calibrated_home_win_probability,False,,morning,unconfirmed,probable
2026-09-08 00:00:00,823901,LAD,CIN,LAD,0.5598742199144253,False,GamePick_Win_Probability,,,v1,0.7385199512859087,odds_30307ba2b34a,morning,401816863.0,DraftKings,2026-09-08T14:46:24Z,-338.0,266.0,0.0,,,,0.0,,0.5021336451031342,0.3823852052742835,2026-09-08T14:46:25Z,202387fba84cc06a10524d9ed625434ca2710c71,legacy,,,v1,predicted_probability,0.5598742199144253,calibrated_home_win_probability,False,,morning,unconfirmed,probable
2026-09-09 00:00:00,824226,DET,MIN,MIN,0.5021531629123637,False,GamePick_Win_Probability,,,v1,0.5270012302210156,odds_fde881958b3b,morning,401816872.0,DraftKings,2026-09-09T14:47:39Z,-123.0,102.0,0.0,,,,0.0,,0.4397984189093348,0.4441047447340622,2026-09-09T14:47:40Z,5067696f55910fcdd4e4ab58ac571e249705032f,legacy,,,v1,predicted_probability,0.5021531629123637,calibrated_home_win_probability,False,,morning,unconfirmed,probable
2026-09-09 00:00:00,824956,ATH,TOR,TOR,0.5369136310510961,False,GamePick_Win_Probability,,,v1,0.3840424223373286,odds_eaf2d94a7502,morning,401816881.0,DraftKings,2026-09-09T14:47:39Z,149.0,-181.0,0.0,,,,0.0,,0.4056975470472478,0.47952480914944,2026-09-09T14:47:40Z,5067696f55910fcdd4e4ab58ac571e249705032f,legacy,,,v1,predicted_probability,0.5369136310510961,calibrated_home_win_probability,False,,morning,unconfirmed,probable
2026-09-09 00:00:00,823172,SF,STL,SF,0.5049762342283757,False,GamePick_Win_Probability,,,v1,0.4804509318389157,odds_003f4dd5c907,morning,401816879.0,DraftKings,2026-09-09T14:47:39Z,-101.0,-119.0,0.0,,,,0.0,,0.4473693107556792,0.4374168422989278,2026-09-09T14:47:40Z,5067696f55910fcdd4e4ab58ac571e249705032f,legacy,,,v1,predicted_probability,0.5049762342283757,calibrated_home_win_probability,False,,morning,unconfirmed,probable
2026-09-09 00:00:00,823251,SD,WSH,SD,0.5303032228459884,False,GamePick_Win_Probability,,,v1,0.6032849760653483,odds_325a4c03d5c6,morning,401816882.0,DraftKings,2026-09-09T14:47:39Z,-171.0,141.0,0.0,,,,0.0,,0.4724697246944096,0.4118632790024328,2026-09-09T14:47:40Z,5067696f55910fcdd4e4ab58ac571e249705032f,legacy,,,v1,predicted_probability,0.5303032228459884,calibrated_home_win_probability,False,,morning,unconfirmed,probable
2026-09-09 00:00:00,823090,SEA,TEX,SEA,0.5125814151264412,False,GamePick_Win_Probability,,,v1,0.5716276429198135,odds_a0f97c6bda1b,morning,401816880.0,DraftKings,2026-09-09T14:47:39Z,-149.0,123.0,0.0,,,,0.0,,0.4544668806639655,0.4293040504110832,2026-09-09T14:47:40Z,5067696f55910fcdd4e4ab58ac571e249705032f,legacy,,,v1,predicted_probability,0.5125814151264412,calibrated_home_win_probability,False,,morning,unconfirmed,probable
2026-09-09 00:00:00,824791,BAL,CLE,BAL,0.5203184085458237,False,GamePick_Win_Probability,,,v1,0.4826358742837298,odds_ee11220a0097,morning,401816869.0,DraftKings,2026-09-09T14:47:39Z,-102.0,-118.0,0.0,,,,0.0,,0.4623452992431522,0.4217084821515049,2026-09-09T14:47:40Z,5067696f55910fcdd4e4ab58ac571e249705032f,legacy,,,v1,predicted_probability,0.5203184085458237,calibrated_home_win_probability,False,,morning,unconfirmed,probable
2026-09-09 00:00:00,823416,PHI,HOU,PHI,0.5444529994604123,False,GamePick_Win_Probability,,,v1,0.5825451699171612,odds_800c5833ffdb,morning,401816871.0,DraftKings,2026-09-09T14:47:39Z,-156.0,129.0,0.0,,,,0.0,,0.4864597357652767,0.3975537368444521,2026-09-09T14:47:40Z,5067696f55910fcdd4e4ab58ac571e249705032f,legacy,,,v1,predicted_probability,0.5444529994604123,calibrated_home_win_probability,False,,morning,unconfirmed,probable
2026-09-09 00:00:00,823818,MIA,NYM,MIA,0.5414695476018716,False,GamePick_Win_Probability,,,v1,0.532129844319311,odds_38da96a728af,morning,401816873.0,DraftKings,2026-09-09T14:47:39Z,-126.0,104.0,0.0,,,,0.0,,0.4834562376428694,0.4005171424391262,2026-09-09T14:47:40Z,5067696f55910fcdd4e4ab58ac571e249705032f,legacy,,,v1,predicted_probability,0.5414695476018716,calibrated_home_win_probability,False,,morning,unconfirmed,probable
2026-09-09 00:00:00,824713,BOS,LAA,BOS,0.5517375079370166,False,GamePick_Win_Probability,,,v1,0.655859053720618,odds_79e94ab7b472,morning,401816868.0,DraftKings,2026-09-09T14:47:39Z,-218.0,178.0,0.0,,,,0.0,,0.494622075182745,0.3911470593087118,2026-09-09T14:47:40Z,5067696f55910fcdd4e4ab58ac571e249705032f,legacy,,,v1,predicted_probability,0.5517375079370166,calibrated_home_win_probability,False,,morning,unconfirmed,probable
2026-09-09 00:00:00,823497,NYY,COL,NYY,0.5715494153999408,False,GamePick_Win_Probability,,,v1,0.6894086618545252,odds_4ca018a7fdcb,morning,401816870.0,DraftKings,2026-09-09T14:47:39Z,-258.0,208.0,0.0,,,,0.0,,0.514249009771043,0.3711501789711615,2026-09-09T14:47:40Z,5067696f55910fcdd4e4ab58ac571e249705032f,legacy,,,v1,predicted_probability,0.5715494153999408,calibrated_home_win_probability,False,,morning,unconfirmed,probable
2026-09-09 00:00:00,824871,ATL,TB,ATL,0.5435570150704921,False,GamePick_Win_Probability,,,v1,0.53125,odds_27a5668c0edb,morning,401816874.0,DraftKings,2026-09-09T14:47:39Z,-125.0,104.0,0.0,,,,0.0,,0.486244658493831,0.3991306283528467,2026-09-09T14:47:40Z,5067696f55910fcdd4e4ab58ac571e249705032f,legacy,,,v1,predicted_probability,0.5435570150704921,calibrated_home_win_probability,False,,morning,unconfirmed,probable
2026-09-09 00:00:00,824064,KC,AZ,KC,0.5097309875203698,False,GamePick_Win_Probability,,,v1,0.4782608695652174,odds_8f8b8db3e893,morning,401816875.0,DraftKings,2026-09-09T14:47:39Z,100.0,-120.0,0.0,,,,0.0,,0.4520180383759659,0.4325560633352262,2026-09-09T14:47:40Z,5067696f55910fcdd4e4ab58ac571e249705032f,legacy,,,v1,predicted_probability,0.5097309875203698,calibrated_home_win_probability,False,,morning,unconfirmed,probable
2026-09-09 00:00:00,824549,CWS,PIT,CWS,0.5116341964139063,False,GamePick_Win_Probability,,,v1,0.551057677674631,odds_e5f7ad01e066,morning,401816877.0,DraftKings,2026-09-09T14:47:39Z,-136.0,113.0,0.0,,,,0.0,,0.4533613930562334,0.4300930002284209,2026-09-09T14:47:40Z,5067696f55910fcdd4e4ab58ac571e249705032f,legacy,,,v1,predicted_probability,0.5116341964139063,calibrated_home_win_probability,False,,morning,unconfirmed,probable
2026-09-09 00:00:00,823739,MIL,CHC,MIL,0.546403869035156,False,GamePick_Win_Probability,,,v1,0.5423839616474178,odds_1da4e53173b2,morning,401816876.0,DraftKings,2026-09-09T14:47:39Z,-131.0,109.0,0.0,,,,0.0,,0.4893657442860601,0.3965580062157481,2026-09-09T14:47:40Z,5067696f55910fcdd4e4ab58ac571e249705032f,legacy,,,v1,predicted_probability,0.546403869035156,calibrated_home_win_probability,False,,morning,unconfirmed,probable
2026-09-09 00:00:00,823900,LAD,CIN,LAD,0.5829903328240339,True,GamePick_Win_Probability,,,v1,0.7169449922674196,odds_6ff277c09828,morning,401816878.0,DraftKings,2026-09-09T14:47:39Z,-299.0,238.0,0.0,,,,0.0,,0.525490274693562,0.3595096090454942,2026-09-09T14:47:40Z,5067696f55910fcdd4e4ab58ac571e249705032f,legacy,,,v1,predicted_probability,0.5829903328240339,calibrated_home_win_probability,False,,morning,unconfirmed,probable
2026-09-10 00:00:00,824872,ATL,TB,ATL,0.5037472396612781,False,GamePick_Win_Probability,,,v1,0.5342156560993125,odds_47eb3d45cf28,morning,401816885.0,DraftKings,2026-09-10T14:38:10Z,-127.0,105.0,0.0,,,,0.0,,0.446623599056086,0.4391291197335298,2026-09-10T14:38:11Z,8e448463b409fb67a1da56a5c945202436634b6f,legacy,,,v1,predicted_probability,0.5037472396612781,calibrated_home_win_probability,False,,morning,unconfirmed,probable
2026-09-10 00:00:00,823413,PHI,HOU,PHI,0.550515261691488,False,GamePick_Win_Probability,,,v1,0.6291404186141027,odds_1b55b1ab5fe1,morning,401816884.0,DraftKings,2026-09-10T14:38:10Z,-192.0,158.0,0.0,,,,0.0,,0.4927371626853483,0.3917066393023722,2026-09-10T14:38:11Z,8e448463b409fb67a1da56a5c945202436634b6f,legacy,,,v1,predicted_probability,0.550515261691488,calibrated_home_win_probability,False,,morning,unconfirmed,probable
2026-09-10 00:00:00,823088,SEA,TEX,TEX,0.5276740854654527,False,GamePick_Win_Probability,,,v1,0.5403677058353318,odds_2482786d9d6b,morning,401816887.0,DraftKings,2026-09-10T14:38:10Z,-130.0,108.0,0.0,,,,0.0,,0.4143960841215928,0.4697442550524983,2026-09-10T14:38:11Z,8e448463b409fb67a1da56a5c945202436634b6f,legacy,,,v1,predicted_probability,0.5276740854654527,calibrated_home_win_probability,False,,morning,unconfirmed,probable
2026-09-10 00:00:00,823499,NYY,COL,NYY,0.5865678650470031,True,GamePick_Win_Probability,,,v1,0.7178817917672138,odds_b9d5cf3e4246,morning,401816883.0,DraftKings,2026-09-10T14:38:10Z,-301.0,239.0,0.0,,,,0.0,,0.5295259954309539,0.3563902653369478,2026-09-10T14:38:11Z,8e448463b409fb67a1da56a5c945202436634b6f,legacy,,,v1,predicted_probability,0.5865678650470031,calibrated_home_win_probability,False,,morning,unconfirmed,probable
2026-09-10 00:00:00,824550,CWS,PIT,CWS,0.5581021958469223,False,GamePick_Win_Probability,,,v1,0.4967303165053623,odds_0c0dbcd15cb3,morning,401816886.0,DraftKings,2026-09-10T14:38:10Z,-108.0,-111.0,0.0,,,,0.0,,0.5000200307306348,0.3838156390367901,2026-09-10T14:38:11Z,8e448463b409fb67a1da56a5c945202436634b6f,legacy,,,v1,predicted_probability,0.5581021958469223,calibrated_home_win_probability,False,,morning,unconfirmed,probable
2026-09-11 00:00:00,824631,CHC,PIT,PIT,0.5088580400173062,False,GamePick_Win_Probability,,,v1,0.6364166980799397,odds_9a2c1b9a055b,morning,401816899.0,DraftKings,2026-09-11T14:35:53Z,-199.0,163.0,0.0,,,,0.0,,0.4334884333857443,0.4512045134203566,2026-09-11T14:35:55Z,4e9c9dff2625c2b507cd56d268ae0989744c90e0,legacy,,,v1,predicted_probability,0.5088580400173062,calibrated_home_win_probability,False,,morning,unconfirmed,probable
2026-09-11 00:00:00,824227,DET,COL,DET,0.5356859989801337,False,GamePick_Win_Probability,,,v1,0.623349694217696,odds_d261c790c169,morning,401816890.0,DraftKings,2026-09-11T14:35:53Z,-187.0,154.0,0.0,,,,0.0,,0.4786671151868707,0.4072951172266033,2026-09-11T14:35:55Z,4e9c9dff2625c2b507cd56d268ae0989744c90e0,legacy,,,v1,predicted_probability,0.5356859989801337,calibrated_home_win_probability,False,,morning,unconfirmed,probable
2026-09-11 00:00:00,822684,WSH,LAA,WSH,0.5584738022326307,False,GamePick_Win_Probability,,,v1,0.5825451699171612,odds_1132d2d997fd,morning,401816888.0,DraftKings,2026-09-11T14:35:53Z,-156.0,129.0,0.0,,,,0.0,,0.5015872214671212,0.3846396170018598,2026-09-11T14:35:55Z,4e9c9dff2625c2b507cd56d268ae0989744c90e0,legacy,,,v1,predicted_probability,0.5584738022326307,calibrated_home_win_probability,False,,morning,unconfirmed,probable
2026-09-11 00:00:00,823498,NYY,NYM,NYY,0.5426114742029097,False,GamePick_Win_Probability,,,v1,0.552982006111132,odds_3e9978a639ed,morning,401816894.0,DraftKings,2026-09-11T14:35:53Z,-137.0,114.0,0.0,,,,0.0,,0.485007271903251,0.3997843234974317,2026-09-11T14:35:55Z,4e9c9dff2625c2b507cd56d268ae0989744c90e0,legacy,,,v1,predicted_probability,0.5426114742029097,calibrated_home_win_probability,False,,morning,unconfirmed,probable
2026-09-11 00:00:00,822767,TOR,BAL,TOR,0.5770488878553562,False,GamePick_Win_Probability,,,v1,0.552982006111132,odds_cd2d114c3cf0,morning,401816889.0,DraftKings,2026-09-11T14:35:53Z,-137.0,114.0,0.0,,,,0.0,,0.5192623126914104,0.3651645369806979,2026-09-11T14:35:55Z,4e9c9dff2625c2b507cd56d268ae0989744c90e0,legacy,,,v1,predicted_probability,0.5770488878553562,calibrated_home_win_probability,False,,morning,unconfirmed,probable
2026-09-11 00:00:00,824711,BOS,KC,BOS,0.5632517837341764,False,GamePick_Win_Probability,,,v1,0.6433898937162037,odds_3f31ca38a204,morning,401816892.0,DraftKings,2026-09-11T14:35:53Z,-206.0,168.0,0.0,,,,0.0,,0.5057529791680476,0.3792494116996949,2026-09-11T14:35:55Z,4e9c9dff2625c2b507cd56d268ae0989744c90e0,legacy,,,v1,predicted_probability,0.5632517837341764,calibrated_home_win_probability,False,,morning,unconfirmed,probable
2026-09-11 00:00:00,822930,TB,HOU,TB,0.5578516945945946,False,GamePick_Win_Probability,,,v1,0.6077645442052222,odds_4bb2e698fdc2,morning,401816891.0,DraftKings,2026-09-11T14:35:53Z,-174.0,144.0,0.0,,,,0.0,,0.5004887124426838,0.3847853232534946,2026-09-11T14:35:55Z,4e9c9dff2625c2b507cd56d268ae0989744c90e0,legacy,,,v1,predicted_probability,0.5578516945945946,calibrated_home_win_probability,False,,morning,unconfirmed,probable
2026-09-11 00:00:00,823817,MIA,LAD,MIA,0.5072626566747603,False,GamePick_Win_Probability,,,v1,0.3529855264510675,odds_6dfc7d2cb1d7,morning,401816893.0,DraftKings,2026-09-11T14:35:53Z,171.0,-209.0,0.0,,,,0.0,,0.4500638703518531,0.4355385570023324,2026-09-11T14:35:55Z,4e9c9dff2625c2b507cd56d268ae0989744c90e0,legacy,,,v1,predicted_probability,0.5072626566747603,calibrated_home_win_probability,False,,morning,unconfirmed,probable
2026-09-11 00:00:00,824873,ATL,PHI,ATL,0.5113061755890232,False,GamePick_Win_Probability,,,v1,0.623349694217696,odds_91658c985afe,morning,401816895.0,DraftKings,2026-09-11T14:35:53Z,-187.0,154.0,0.0,,,,0.0,,0.4541126996754561,0.4315003484974096,2026-09-11T14:35:55Z,4e9c9dff2625c2b507cd56d268ae0989744c90e0,legacy,,,v1,predicted_probability,0.5113061755890232,calibrated_home_win_probability,False,,morning,unconfirmed,probable
2026-09-11 00:00:00,823736,MIL,CIN,MIL,0.5643220347976555,False,GamePick_Win_Probability,,,v1,0.6442439602855349,odds_71f606130878,morning,401816897.0,DraftKings,2026-09-11T14:35:53Z,-206.0,169.0,0.0,,,,0.0,,0.5072820501981423,0.3786379806028312,2026-09-11T14:35:55Z,4e9c9dff2625c2b507cd56d268ae0989744c90e0,legacy,,,v1,predicted_probability,0.5643220347976555,calibrated_home_win_probability,False,,morning,unconfirmed,probable
2026-09-11 00:00:00,823659,MIN,CLE,MIN,0.5099022101362617,False,GamePick_Win_Probability,,,v1,0.4826358742837298,odds_7df75059f987,morning,401816898.0,DraftKings,2026-09-11T14:35:53Z,-102.0,-118.0,0.0,,,,0.0,,0.4520441270310856,0.4322397067585622,2026-09-11T14:35:55Z,4e9c9dff2625c2b507cd56d268ae0989744c90e0,legacy,,,v1,predicted_probability,0.5099022101362617,calibrated_home_win_probability,False,,morning,unconfirmed,probable
2026-09-11 00:00:00,823012,STL,CWS,STL,0.5336230035268882,False,GamePick_Win_Probability,,,v1,0.4913359902963091,odds_acf97c160de8,morning,401816896.0,DraftKings,2026-09-11T14:35:53Z,-106.0,-114.0,0.0,,,,0.0,,0.4757377245009536,0.4084917174471772,2026-09-11T14:35:55Z,4e9c9dff2625c2b507cd56d268ae0989744c90e0,legacy,,,v1,predicted_probability,0.5336230035268882,calibrated_home_win_probability,False,,morning,unconfirmed,probable
2026-09-11 00:00:00,824954,ATH,SEA,ATH,0.5592832398652463,False,GamePick_Win_Probability,,,v1,0.4012937230474365,odds_cac61eb6d9ea,morning,401816901.0,DraftKings,2026-09-11T14:35:53Z,138.0,-168.0,0.0,,,,0.0,,0.5020951351451977,0.383528655414705,2026-09-11T14:35:55Z,4e9c9dff2625c2b507cd56d268ae0989744c90e0,legacy,,,v1,predicted_probability,0.5592832398652463,calibrated_home_win_probability,False,,morning,unconfirmed,probable
2026-09-11 00:00:00,825036,AZ,TEX,AZ,0.515212644330464,False,GamePick_Win_Probability,,,v1,0.5431991809088762,odds_2aab7cbe1395,morning,401816902.0,DraftKings,2026-09-11T14:35:53Z,-132.0,109.0,0.0,,,,0.0,,0.4574686113543881,0.4270433226934601,2026-09-11T14:35:55Z,4e9c9dff2625c2b507cd56d268ae0989744c90e0,legacy,,,v1,predicted_probability,0.515212644330464,calibrated_home_win_probability,False,,morning,unconfirmed,probable
2026-09-11 00:00:00,823173,SF,SD,SF,0.5038857466595335,False,GamePick_Win_Probability,,,v1,0.4290360528683136,odds_9f29870ffd7c,morning,401816900.0,DraftKings,2026-09-11T14:35:53Z,123.0,-148.0,0.0,,,,0.0,,0.4464036793165385,0.4386321859974716,2026-09-11T14:35:55Z,4e9c9dff2625c2b507cd56d268ae0989744c90e0,legacy,,,v1,predicted_probability,0.5038857466595335,calibrated_home_win_probability,False,,morning,unconfirmed,probable
2026-09-12 00:00:00,824224,DET,COL,DET,0.5401220988809189,False,GamePick_Win_Probability,,,v1,0.6097285067873303,odds_8565f16190ad,morning,401816905.0,DraftKings,2026-09-12T13:45:30Z,-176.0,145.0,0.0,,,,0.0,,0.4833166469986411,0.4030724492368033,2026-09-12T13:45:32Z,719f73b8995da3d50513a03d3f2e08031cdacac5,legacy,,,v1,predicted_probability,0.5401220988809189,calibrated_home_win_probability,False,,morning,unconfirmed,probable
2026-09-12 00:00:00,823496,NYY,NYM,NYY,0.556580835858776,False,GamePick_Win_Probability,,,v1,0.6067851094974311,odds_22c135951dc4,morning,401816909.0,DraftKings,2026-09-12T13:45:30Z,-174.0,143.0,0.0,,,,0.0,,0.4992103926669617,0.3860487209494096,2026-09-12T13:45:32Z,719f73b8995da3d50513a03d3f2e08031cdacac5,legacy,,,v1,predicted_probability,0.556580835858776,calibrated_home_win_probability,False,,morning,unconfirmed,probable
2026-09-12 00:00:00,824630,CHC,PIT,CHC,0.5579995914540038,False,GamePick_Win_Probability,,,v1,0.532129844319311,odds_7cb6b3424aac,morning,401816914.0,DraftKings,2026-09-12T13:45:30Z,-126.0,104.0,0.0,,,,0.0,,0.500557508063697,0.3845583251556894,2026-09-12T13:45:32Z,719f73b8995da3d50513a03d3f2e08031cdacac5,legacy,,,v1,predicted_probability,0.5579995914540038,calibrated_home_win_probability,False,,morning,unconfirmed,probable
2026-09-12 00:00:00,822768,TOR,BAL,TOR,0.5897923945763084,True,GamePick_Win_Probability,,,v1,0.5108342361863488,odds_02f7fd664477,morning,401816904.0,DraftKings,2026-09-12T13:45:30Z,-115.0,-105.0,0.0,,,,0.0,,0.532195923885677,0.3526111347330603,2026-09-12T13:45:32Z,719f73b8995da3d50513a03d3f2e08031cdacac5,legacy,,,v1,predicted_probability,0.5897923945763084,calibrated_home_win_probability,False,,morning,unconfirmed,probable
2026-09-12 00:00:00,822685,WSH,LAA,WSH,0.5020550546635179,False,GamePick_Win_Probability,,,v1,0.5173641257162701,odds_137240504cfe,morning,401816903.0,DraftKings,2026-09-12T13:45:30Z,-118.0,-102.0,0.0,,,,0.0,,0.4453764142470012,0.4412663049199655,2026-09-12T13:45:32Z,719f73b8995da3d50513a03d3f2e08031cdacac5,legacy,,,v1,predicted_probability,0.5020550546635179,calibrated_home_win_probability,False,,morning,unconfirmed,probable
2026-09-12 00:00:00,823170,SF,SD,SF,0.5010379924271774,False,GamePick_Win_Probability,,,v1,0.3982300884955752,odds_8f4c12ae9f8a,morning,401816915.0,DraftKings,2026-09-12T13:45:30Z,140.0,-170.0,0.0,,,,0.0,,0.4437891335813436,0.4417131487269888,2026-09-12T13:45:32Z,719f73b8995da3d50513a03d3f2e08031cdacac5,legacy,,,v1,predicted_probability,0.5010379924271774,calibrated_home_win_probability,False,,morning,unconfirmed,probable
2026-09-12 00:00:00,824712,BOS,KC,BOS,0.5336804456837742,False,GamePick_Win_Probability,,,v1,0.6573142000428357,odds_270f8e911d23,morning,401816907.0,DraftKings,2026-09-12T13:45:30Z,-220.0,179.0,0.0,,,,0.0,,0.4763327688871552,0.4089718775196069,2026-09-12T13:45:32Z,719f73b8995da3d50513a03d3f2e08031cdacac5,legacy,,,v1,predicted_probability,0.5336804456837742,calibrated_home_win_probability,False,,morning,unconfirmed,probable
2026-09-12 00:00:00,823657,MIN,CLE,CLE,0.5058967807237282,False,GamePick_Win_Probability,,,v1,0.5021645958699511,odds_6017f5bde03b,morning,401816913.0,DraftKings,2026-09-12T13:45:30Z,-111.0,-109.0,0.0,,,,0.0,,0.4364529783150569,0.4482465397625134,2026-09-12T13:45:32Z,719f73b8995da3d50513a03d3f2e08031cdacac5,legacy,,,v1,predicted_probability,0.5058967807237282,calibrated_home_win_probability,False,,morning,unconfirmed,probable
2026-09-12 00:00:00,823819,MIA,LAD,LAD,0.5140967799818195,False,GamePick_Win_Probability,,,v1,0.3708595813858972,odds_cd002f12f06f,morning,401816908.0,DraftKings,2026-09-12T13:45:30Z,158.0,-192.0,0.0,,,,0.0,,0.4289362371170166,0.4571297970806555,2026-09-12T13:45:32Z,719f73b8995da3d50513a03d3f2e08031cdacac5,legacy,,,v1,predicted_probability,0.5140967799818195,calibrated_home_win_probability,False,,morning,unconfirmed,probable
2026-09-12 00:00:00,822927,TB,HOU,TB,0.527519237135041,False,GamePick_Win_Probability,,,v1,0.5716276429198135,odds_889aceeb0069,morning,401816906.0,DraftKings,2026-09-12T13:45:30Z,-149.0,123.0,0.0,,,,0.0,,0.4703774350068617,0.4153389607367797,2026-09-12T13:45:32Z,719f73b8995da3d50513a03d3f2e08031cdacac5,legacy,,,v1,predicted_probability,0.527519237135041,calibrated_home_win_probability,False,,morning,unconfirmed,probable
2026-09-12 00:00:00,823737,MIL,CIN,MIL,0.5872611575793355,True,GamePick_Win_Probability,,,v1,0.623349694217696,odds_421264dffc60,morning,401816912.0,DraftKings,2026-09-12T13:45:30Z,-187.0,154.0,0.0,,,,0.0,,0.5304604611406003,0.3559381459819292,2026-09-12T13:45:32Z,719f73b8995da3d50513a03d3f2e08031cdacac5,legacy,,,v1,predicted_probability,0.5872611575793355,calibrated_home_win_probability,False,,morning,unconfirmed,probable
2026-09-12 00:00:00,824870,ATL,PHI,ATL,0.5096698434402741,False,GamePick_Win_Probability,,,v1,0.5217391304347826,odds_6a9b360cb40b,morning,401816910.0,DraftKings,2026-09-12T13:45:30Z,-120.0,100.0,0.0,,,,0.0,,0.4526723025187286,0.4333326156381804,2026-09-12T13:45:32Z,719f73b8995da3d50513a03d3f2e08031cdacac5,legacy,,,v1,predicted_probability,0.5096698434402741,calibrated_home_win_probability,False,,morning,unconfirmed,probable
2026-09-12 00:00:00,823009,STL,CWS,STL,0.5144275690769469,False,GamePick_Win_Probability,,,v1,0.5130072840790842,odds_4c4d704a682d,morning,401816911.0,DraftKings,2026-09-12T13:45:30Z,-116.0,-104.0,0.0,,,,0.0,,0.4567293925604669,0.4278742544065732,2026-09-12T13:45:32Z,719f73b8995da3d50513a03d3f2e08031cdacac5,legacy,,,v1,predicted_probability,0.5144275690769469,calibrated_home_win_probability,False,,morning,unconfirmed,probable
2026-09-12 00:00:00,825035,AZ,TEX,AZ,0.5399222978047283,False,GamePick_Win_Probability,,,v1,0.5630832299476779,odds_a25fa67275df,morning,401816917.0,DraftKings,2026-09-12T13:45:30Z,-143.0,119.0,0.0,,,,0.0,,0.4823885787420452,0.4025439831325885,2026-09-12T13:45:32Z,719f73b8995da3d50513a03d3f2e08031cdacac5,legacy,,,v1,predicted_probability,0.5399222978047283,calibrated_home_win_probability,False,,morning,unconfirmed,probable
2026-09-12 00:00:00,824955,ATH,SEA,ATH,0.5215292269984135,False,GamePick_Win_Probability,,,v1,0.3922354557947778,odds_cfc75c277bb3,morning,401816916.0,DraftKings,2026-09-12T13:45:30Z,144.0,-174.0,0.0,,,,0.0,,0.4645000066414794,0.4214415526446523,2026-09-12T13:45:32Z,719f73b8995da3d50513a03d3f2e08031cdacac5,legacy,,,v1,predicted_probability,0.5215292269984135,calibrated_home_win_probability,False,,morning,unconfirmed,probable
2026-09-13 00:00:00,824225,DET,COL,DET,0.5231469777138127,False,GamePick_Win_Probability,,,v1,0.6219831346321605,odds_ed45efbe3fc2,morning,401816920.0,DraftKings,2026-09-13T14:35:04Z,-186.0,153.0,0.0,,,,0.0,,0.466554904041408,0.4202609486137826,2026-09-13T14:35:06Z,459bce567dfc5b544fa6d745edde7ef135657d82,legacy,,,v1,predicted_probability,0.5231469777138127,calibrated_home_win_probability,False,,morning,unconfirmed,probable
2026-09-13 00:00:00,822682,WSH,LAA,WSH,0.5168968554218315,False,GamePick_Win_Probability,,,v1,0.551057677674631,odds_72d123a4dbde,morning,401816918.0,DraftKings,2026-09-13T14:35:04Z,-136.0,113.0,0.0,,,,0.0,,0.4604262034439489,0.4266324926002859,2026-09-13T14:35:06Z,459bce567dfc5b544fa6d745edde7ef135657d82,legacy,,,v1,predicted_probability,0.5168968554218315,calibrated_home_win_probability,False,,morning,unconfirmed,probable
2026-09-13 00:00:00,824869,ATL,PHI,ATL,0.5254463161424217,False,GamePick_Win_Probability,,,v1,0.5443833464257659,odds_c305b8ead2f6,morning,401816925.0,DraftKings,2026-09-13T14:35:04Z,-132.0,110.0,0.0,,,,0.0,,0.4686452047431055,0.4177525724582622,2026-09-13T14:35:06Z,459bce567dfc5b544fa6d745edde7ef135657d82,legacy,,,v1,predicted_probability,0.5254463161424217,calibrated_home_win_probability,False,,morning,unconfirmed,probable
2026-09-13 00:00:00,823495,NYY,NYM,NYY,0.542682304496777,False,GamePick_Win_Probability,,,v1,0.6145374449339207,odds_97b725cbf3af,morning,401816924.0,DraftKings,2026-09-13T14:35:04Z,-180.0,148.0,0.0,,,,0.0,,0.4854554849898982,0.4000908759963442,2026-09-13T14:35:06Z,459bce567dfc5b544fa6d745edde7ef135657d82,legacy,,,v1,predicted_probability,0.542682304496777,calibrated_home_win_probability,False,,morning,unconfirmed,probable
2026-09-13 00:00:00,822764,TOR,BAL,TOR,0.5680966404784782,False,GamePick_Win_Probability,,,v1,0.5842096748099014,odds_4967a4d32c1f,morning,401816919.0,DraftKings,2026-09-13T14:35:04Z,-157.0,130.0,0.0,,,,0.0,,0.5106961744086727,0.3745028934517162,2026-09-13T14:35:06Z,459bce567dfc5b544fa6d745edde7ef135657d82,legacy,,,v1,predicted_probability,0.5680966404784782,calibrated_home_win_probability,False,,morning,unconfirmed,probable
2026-09-13 00:00:00,822928,TB,HOU,TB,0.538230360934596,False,GamePick_Win_Probability,,,v1,0.551057677674631,odds_cfbafe1da1fa,morning,401816921.0,DraftKings,2026-09-13T14:35:04Z,-136.0,113.0,0.0,,,,0.0,,0.4813094470416239,0.404848725172432,2026-09-13T14:35:06Z,459bce567dfc5b544fa6d745edde7ef135657d82,legacy,,,v1,predicted_probability,0.538230360934596,calibrated_home_win_probability,False,,morning,unconfirmed,probable
2026-09-13 00:00:00,823815,MIA,LAD,LAD,0.5140161695127592,False,GamePick_Win_Probability,,,v1,0.4369167700523221,odds_eeb2113bf587,morning,401816923.0,DraftKings,2026-09-13T14:35:04Z,119.0,-143.0,0.0,,,,0.0,,0.4291501380848002,0.4571824771103185,2026-09-13T14:35:06Z,459bce567dfc5b544fa6d745edde7ef135657d82,legacy,,,v1,predicted_probability,0.5140161695127592,calibrated_home_win_probability,False,,morning,unconfirmed,probable
2026-09-13 00:00:00,823658,MIN,CLE,MIN,0.5144204921706187,False,GamePick_Win_Probability,,,v1,0.5390207745263287,odds_9b821d119c9f,morning,401816928.0,DraftKings,2026-09-13T14:35:04Z,-127.0,109.0,0.0,,,,0.0,,0.456949588898483,0.4281086045572456,2026-09-13T14:35:06Z,459bce567dfc5b544fa6d745edde7ef135657d82,legacy,,,v1,predicted_probability,0.5144204921706187,calibrated_home_win_probability,False,,morning,unconfirmed,probable
2026-09-13 00:00:00,823734,MIL,CIN,MIL,0.5880892825877447,True,GamePick_Win_Probability,,,v1,0.6308665846370188,odds_b5ee828bf58d,morning,401816927.0,DraftKings,2026-09-13T14:35:04Z,-194.0,159.0,0.0,,,,0.0,,0.5315269734979228,0.3553484083224333,2026-09-13T14:35:06Z,459bce567dfc5b544fa6d745edde7ef135657d82,legacy,,,v1,predicted_probability,0.5880892825877447,calibrated_home_win_probability,False,,morning,unconfirmed,probable
2026-09-13 00:00:00,823008,STL,CWS,STL,0.5340540749804561,False,GamePick_Win_Probability,,,v1,0.4576160383525822,odds_82625df6e388,morning,401816926.0,DraftKings,2026-09-13T14:35:04Z,109.0,-131.0,0.0,,,,0.0,,0.4765568840591447,0.4084487340982325,2026-09-13T14:35:06Z,459bce567dfc5b544fa6d745edde7ef135657d82,legacy,,,v1,predicted_probability,0.5340540749804561,calibrated_home_win_probability,False,,morning,unconfirmed,probable
2026-09-13 00:00:00,824628,CHC,PIT,CHC,0.5464088845442714,False,GamePick_Win_Probability,,,v1,0.5897065065316837,odds_00006c0a004d,morning,401816929.0,DraftKings,2026-09-13T14:35:04Z,-161.0,133.0,0.0,,,,0.0,,0.4891782857105812,0.3963605166220384,2026-09-13T14:35:06Z,459bce567dfc5b544fa6d745edde7ef135657d82,legacy,,,v1,predicted_probability,0.5464088845442714,calibrated_home_win_probability,False,,morning,unconfirmed,probable
2026-09-13 00:00:00,824708,BOS,KC,BOS,0.5196222503189281,False,GamePick_Win_Probability,,,v1,0.623349694217696,odds_961a0f195da9,morning,401816922.0,DraftKings,2026-09-13T14:35:04Z,-187.0,154.0,0.0,,,,0.0,,0.462500011824853,0.4232555111869969,2026-09-13T14:35:06Z,459bce567dfc5b544fa6d745edde7ef135657d82,legacy,,,v1,predicted_probability,0.5196222503189281,calibrated_home_win_probability,False,,morning,unconfirmed,probable
2026-09-13 00:00:00,824952,ATH,SEA,ATH,0.549376898846347,False,GamePick_Win_Probability,,,v1,0.4528389518906994,odds_44895506e334,morning,401816931.0,DraftKings,2026-09-13T14:35:04Z,111.0,-134.0,0.0,,,,0.0,,0.4925550148036888,0.3938012171109948,2026-09-13T14:35:06Z,459bce567dfc5b544fa6d745edde7ef135657d82,legacy,,,v1,predicted_probability,0.549376898846347,calibrated_home_win_probability,False,,morning,unconfirmed,probable
2026-09-13 00:00:00,825033,AZ,TEX,AZ,0.5309332669553954,False,GamePick_Win_Probability,,,v1,0.5443833464257659,odds_730bde929205,morning,401816932.0,DraftKings,2026-09-13T14:35:04Z,-132.0,110.0,0.0,,,,0.0,,0.473573934627418,0.4117074007166271,2026-09-13T14:35:06Z,459bce567dfc5b544fa6d745edde7ef135657d82,legacy,,,v1,predicted_probability,0.5309332669553954,calibrated_home_win_probability,False,,morning,unconfirmed,probable
2026-09-13 00:00:00,823171,SF,SD,SD,0.5506806284000529,False,GamePick_Win_Probability,,,v1,0.4576160383525822,odds_7319b93e8226,morning,401816930.0,DraftKings,2026-09-13T14:35:04Z,109.0,-131.0,0.0,,,,0.0,,0.3923030639063979,0.4936643207065039,2026-09-13T14:35:06Z,459bce567dfc5b544fa6d745edde7ef135657d82,legacy,,,v1,predicted_probability,0.5506806284000529,calibrated_home_win_probability,False,,morning,unconfirmed,probable
2026-09-14 00:00:00,824465,CIN,LAD,LAD,0.5588545869544855,False,GamePick_Win_Probability,,,v1,0.3426857999571642,odds_f9e0956f9e1f,morning,401816936.0,DraftKings,2026-09-14T16:31:36Z,179.0,-220.0,0.0,,,,0.0,,0.3844014656254755,0.5021106395344466,2026-09-14T16:31:37Z,15cc9a1dc8e2188484d1aa45c01ebeb132058c95,legacy,,,v1,predicted_probability,0.5588545869544855,calibrated_home_win_probability,False,,morning,unconfirmed,probable
2026-09-14 00:00:00,824386,CLE,CWS,CLE,0.5497780708579887,False,GamePick_Win_Probability,,,v1,0.5825451699171612,odds_b31c73cb9164,morning,401816934.0,DraftKings,2026-09-14T16:31:36Z,-156.0,129.0,0.0,,,,0.0,,0.4924643633800392,0.3929082216640618,2026-09-14T16:31:37Z,15cc9a1dc8e2188484d1aa45c01ebeb132058c95,legacy,,,v1,predicted_probability,0.5497780708579887,calibrated_home_win_probability,False,,morning,unconfirmed,probable
2026-09-14 00:00:00,822765,TOR,DET,TOR,0.5553544978200518,False,GamePick_Win_Probability,,,v1,0.5537388434710868,odds_41b1f8e4b365,morning,401816935.0,DraftKings,2026-09-14T16:31:36Z,-138.0,114.0,0.0,,,,0.0,,0.4980846130833766,0.3873756174432731,2026-09-14T16:31:37Z,15cc9a1dc8e2188484d1aa45c01ebeb132058c95,legacy,,,v1,predicted_probability,0.5553544978200518,calibrated_home_win_probability,False,,morning,unconfirmed,probable
2026-09-14 00:00:00,823575,NYM,BAL,NYM,0.5605426219433376,False,GamePick_Win_Probability,,,v1,0.5291347851677457,odds_d51274329126,morning,401816933.0,DraftKings,2026-09-14T16:31:36Z,-124.0,103.0,0.0,,,,0.0,,0.5033212393345595,0.3822359954478843,2026-09-14T16:31:37Z,15cc9a1dc8e2188484d1aa45c01ebeb132058c95,legacy,,,v1,predicted_probability,0.5605426219433376,calibrated_home_win_probability,False,,morning,unconfirmed,probable
2026-09-14 00:00:00,824629,CHC,ATL,CHC,0.5564436679338146,False,GamePick_Win_Probability,,,v1,0.551057677674631,odds_a391052ec570,morning,401816937.0,DraftKings,2026-09-14T16:31:36Z,-136.0,113.0,0.0,,,,0.0,,0.4998087454089302,0.386921409541301,2026-09-14T16:31:37Z,15cc9a1dc8e2188484d1aa45c01ebeb132058c95,legacy,,,v1,predicted_probability,0.5564436679338146,calibrated_home_win_probability,False,,morning,unconfirmed,probable
2026-09-14 00:00:00,823656,MIN,NYY,NYY,0.523424751235928,False,GamePick_Win_Probability,,,v1,0.466652901094363,odds_8969b9a010b8,morning,401816938.0,DraftKings,2026-09-14T16:31:36Z,105.0,-126.0,0.0,,,,0.0,,0.4195512280073323,0.4664007304791884,2026-09-14T16:31:37Z,15cc9a1dc8e2188484d1aa45c01ebeb132058c95,legacy,,,v1,predicted_probability,0.523424751235928,calibrated_home_win_probability,False,,morning,unconfirmed,probable
2026-09-14 00:00:00,823006,STL,SF,STL,0.5093069993002809,False,GamePick_Win_Probability,,,v1,0.5698626335507146,odds_b102ad62c4c3,morning,401816939.0,DraftKings,2026-09-14T16:31:36Z,-148.0,122.0,0.0,,,,0.0,,0.4525114558756884,0.4338974572751266,2026-09-14T16:31:37Z,15cc9a1dc8e2188484d1aa45c01ebeb132058c95,legacy,,,v1,predicted_probability,0.5093069993002809,calibrated_home_win_probability,False,,morning,unconfirmed,probable
2026-09-14 00:00:00,824308,COL,SD,SD,0.5278101100083434,False,GamePick_Win_Probability,,,v1,0.3541858325666973,odds_ce65f7f9e4f2,morning,401816940.0,DraftKings,2026-09-14T16:31:36Z,170.0,-208.0,0.0,,,,0.0,,0.4158686639119381,0.4714888839286249,2026-09-14T16:31:37Z,15cc9a1dc8e2188484d1aa45c01ebeb132058c95,legacy,,,v1,predicted_probability,0.5278101100083434,calibrated_home_win_probability,False,,morning,unconfirmed,probable
2026-09-14 00:00:00,823981,LAA,SEA,LAA,0.5483524503442693,False,GamePick_Win_Probability,,,v1,0.4913359902963091,odds_abb68101f784,morning,401816942.0,DraftKings,2026-09-14T16:31:36Z,-106.0,-114.0,0.0,,,,0.0,,0.491982158926432,0.3952772582378934,2026-09-14T16:31:37Z,15cc9a1dc8e2188484d1aa45c01ebeb132058c95,legacy,,,v1,predicted_probability,0.5483524503442693,calibrated_home_win_probability,False,,morning,unconfirmed,probable
2026-09-14 00:00:00,825034,AZ,MIA,AZ,0.5371000067740547,False,GamePick_Win_Probability,,,v1,0.5443833464257659,odds_862e884c9bb3,morning,401816941.0,DraftKings,2026-09-14T16:31:36Z,-132.0,110.0,0.0,,,,0.0,,0.4799162622935514,0.4057162487454421,2026-09-14T16:31:37Z,15cc9a1dc8e2188484d1aa45c01ebeb132058c95,legacy,,,v1,predicted_probability,0.5371000067740547,calibrated_home_win_probability,False,,morning,unconfirmed,probable
2026-09-15 00:00:00,824466,CIN,LAD,LAD,0.5653291903622668,False,GamePick_Win_Probability,,,v1,0.32442748091603046,odds_57dc9973600c,morning,401816947,DraftKings,2026-09-15T15:12:42Z,195.0,-240.0,0.0,,,,0.0,,0.378158571358683,0.5088169520832168,2026-09-15T15:12:44Z,e5d7d4a638a3ad0b1deae95580820c23a0a3db3a,legacy,,,v1,predicted_probability,0.5653291903622668,calibrated_home_win_probability,False,,morning,unconfirmed,probable
2026-09-15 00:00:00,822925,TB,ATH,TB,0.5564638760387459,False,GamePick_Win_Probability,,,v1,0.6735371955106535,odds_39ad15b8efc4,morning,401816943,DraftKings,2026-09-15T15:12:42Z,-238.0,193.0,0.0,,,,0.0,,0.5002655615950016,0.38733780951750973,2026-09-15T15:12:44Z,e5d7d4a638a3ad0b1deae95580820c23a0a3db3a,legacy,,,v1,predicted_probability,0.5564638760387459,calibrated_home_win_probability,False,,morning,unconfirmed,probable
2026-09-15 00:00:00,824384,CLE,CWS,CLE,0.5389347394057245,False,GamePick_Win_Probability,,,v1,0.5825451699171612,odds_29923ba87d31,morning,401816945,DraftKings,2026-09-15T15:12:42Z,-156.0,129.0,0.0,,,,0.0,,0.48181297627845726,0.40394349746700836,2026-09-15T15:12:44Z,e5d7d4a638a3ad0b1deae95580820c23a0a3db3a,legacy,,,v1,predicted_probability,0.5389347394057245,calibrated_home_win_probability,False,,morning,unconfirmed,probable
2026-09-15 00:00:00,823333,PIT,MIL,MIL,0.5042036531448568,False,GamePick_Win_Probability,,,v1,0.3379256563556018,odds_651214604e1a,morning,401816948,DraftKings,2026-09-15T15:12:42Z,183.0,-225.0,0.0,,,,0.0,,0.4393942398228302,0.4478015461125438,2026-09-15T15:12:44Z,e5d7d4a638a3ad0b1deae95580820c23a0a3db3a,legacy,,,v1,predicted_probability,0.5042036531448568,calibrated_home_win_probability,False,,morning,unconfirmed,probable
2026-09-15 00:00:00,822683,WSH,PHI,WSH,0.5225393074661302,False,GamePick_Win_Probability,,,v1,0.34528205295777104,odds_0a8a790e6428,morning,401816949,DraftKings,2026-09-15T15:12:42Z,177.0,-217.0,0.0,,,,0.0,,0.4656443275683596,0.4205657126360992,2026-09-15T15:12:44Z,e5d7d4a638a3ad0b1deae95580820c23a0a3db3a,legacy,,,v1,predicted_probability,0.5225393074661302,calibrated_home_win_probability,False,,morning,unconfirmed,probable
2026-09-15 00:00:00,822762,TOR,DET,TOR,0.5449288532228528,False,GamePick_Win_Probability,,,v1,0.5637871853546911,odds_d51249a8d230,morning,401816946,DraftKings,2026-09-15T15:12:42Z,-144.0,119.0,0.0,,,,0.0,,0.48783747489613216,0.3979797684504266,2026-09-15T15:12:44Z,e5d7d4a638a3ad0b1deae95580820c23a0a3db3a,legacy,,,v1,predicted_probability,0.5449288532228528,calibrated_home_win_probability,False,,morning,unconfirmed,probable
2026-09-15 00:00:00,823574,NYM,BAL,NYM,0.5233244946476582,False,GamePick_Win_Probability,,,v1,0.551057677674631,odds_0eefeb644de8,morning,401816944,DraftKings,2026-09-15T15:12:42Z,-136.0,113.0,0.0,,,,0.0,,0.466298706622799,0.41964971732748263,2026-09-15T15:12:44Z,e5d7d4a638a3ad0b1deae95580820c23a0a3db3a,legacy,,,v1,predicted_probability,0.5233244946476582,calibrated_home_win_probability,False,,morning,unconfirmed,probable
2026-09-15 00:00:00,824627,CHC,ATL,CHC,0.5448890502194614,False,GamePick_Win_Probability,,,v1,0.5630832299476779,odds_fa95d3b410d9,morning,401816950,DraftKings,2026-09-15T15:12:42Z,-143.0,119.0,0.0,,,,0.0,,0.48842164846028907,0.3986435480213662,2026-09-15T15:12:44Z,e5d7d4a638a3ad0b1deae95580820c23a0a3db3a,legacy,,,v1,predicted_probability,0.5448890502194614,calibrated_home_win_probability,False,,morning,unconfirmed,probable
2026-09-15 00:00:00,823654,MIN,NYY,NYY,0.5402154256307148,False,GamePick_Win_Probability,,,v1,0.38546255506607924,odds_e7696759561b,morning,401816953,DraftKings,2026-09-15T15:12:42Z,148.0,-180.0,0.0,,,,0.0,,0.4029864850687783,0.48341733633020795,2026-09-15T15:12:44Z,e5d7d4a638a3ad0b1deae95580820c23a0a3db3a,legacy,,,v1,predicted_probability,0.5402154256307148,calibrated_home_win_probability,False,,morning,unconfirmed,probable
2026-09-15 00:00:00,823007,STL,SF,STL,0.5334206180313944,False,GamePick_Win_Probability,,,v1,0.5987062769525635,odds_1fbebf60d62a,morning,401816954,DraftKings,2026-09-15T15:12:42Z,-168.0,138.0,0.0,,,,0.0,,0.4768378554171239,0.4099966193543351,2026-09-15T15:12:44Z,e5d7d4a638a3ad0b1deae95580820c23a0a3db3a,legacy,,,v1,predicted_probability,0.5334206180313944,calibrated_home_win_probability,False,,morning,unconfirmed,probable
2026-09-15 00:00:00,822849,TEX,BOS,TEX,0.5227056874807091,False,GamePick_Win_Probability,,,v1,0.4935039625828245,odds_fd9e81b175c8,morning,401816951,DraftKings,2026-09-15T15:12:42Z,-107.0,-113.0,0.0,,,,0.0,,0.4656054494065683,0.42019407444515006,2026-09-15T15:12:44Z,e5d7d4a638a3ad0b1deae95580820c23a0a3db3a,legacy,,,v1,predicted_probability,0.5227056874807091,calibrated_home_win_probability,False,,morning,unconfirmed,probable
2026-09-15 00:00:00,824143,HOU,KC,HOU,0.5178371114157558,False,GamePick_Win_Probability,,,v1,0.5997132273867846,odds_6a1fba7255a5,morning,401816952,DraftKings,2026-09-15T15:12:42Z,-168.0,139.0,0.0,,,,0.0,,0.46081543015307475,0.4251412073215631,2026-09-15T15:12:44Z,e5d7d4a638a3ad0b1deae95580820c23a0a3db3a,legacy,,,v1,predicted_probability,0.5178371114157558,calibrated_home_win_probability,False,,morning,unconfirmed,probable
2026-09-15 00:00:00,824307,COL,SD,SD,0.5149766068138323,False,GamePick_Win_Probability,,,v1,0.3691334153629812,odds_a3094b15b38f,morning,401816955,DraftKings,2026-09-15T15:12:42Z,159.0,-194.0,0.0,,,,0.0,,0.4289426632873171,0.4588958769149817,2026-09-15T15:12:44Z,e5d7d4a638a3ad0b1deae95580820c23a0a3db3a,legacy,,,v1,predicted_probability,0.5149766068138323,calibrated_home_win_probability,False,,morning,unconfirmed,probable
2026-09-15 00:00:00,823980,LAA,SEA,LAA,0.5338729016118734,False,GamePick_Win_Probability,,,v1,0.3922354557947778,odds_f088a773663d,morning,401816957,DraftKings,2026-09-15T15:12:42Z,144.0,-174.0,0.0,,,,0.0,,0.4776425898464326,0.4098967866226858,2026-09-15T15:12:44Z,e5d7d4a638a3ad0b1deae95580820c23a0a3db3a,legacy,,,v1,predicted_probability,0.5338729016118734,calibrated_home_win_probability,False,,morning,unconfirmed,probable
2026-09-15 00:00:00,825030,AZ,MIA,AZ,0.5265241663846887,False,GamePick_Win_Probability,,,v1,0.5825451699171612,odds_08820602e2af,morning,401816956,DraftKings,2026-09-15T15:12:42Z,-156.0,129.0,0.0,,,,0.0,,0.46954196753698807,0.4164936347676107,2026-09-15T15:12:44Z,e5d7d4a638a3ad0b1deae95580820c23a0a3db3a,legacy,,,v1,predicted_probability,0.5265241663846887,calibrated_home_win_probability,False,,morning,unconfirmed,probable
