game_pk,team,opponent,key_mlbam,batting_order,is_confirmed_starter,lineup_status,fetched_at_utc,game_datetime,source,snapshot_id,as_of_date,batting_order_source
849829,CWS,CLE,691019,,False,scratched,2026-10-03T22:07:22Z,2026-10-03T17:00:00Z,statsapi_schedule_lineups,lineup_501d12620649,2026-10-03,schedule_lineups_list_index
849829,CWS,CLE,502054,,False,scratched,2026-10-03T22:07:22Z,2026-10-03T17:00:00Z,statsapi_schedule_lineups,lineup_501d12620649,2026-10-03,schedule_lineups_list_index
849829,CWS,CLE,695731,,False,scratched,2026-10-03T22:07:22Z,2026-10-03T17:00:00Z,statsapi_schedule_lineups,lineup_501d12620649,2026-10-03,schedule_lineups_list_index
849829,CWS,CLE,545341,,False,scratched,2026-10-03T22:07:22Z,2026-10-03T17:00:00Z,statsapi_schedule_lineups,lineup_501d12620649,2026-10-03,schedule_lineups_list_index
849829,CLE,CWS,683953,,False,scratched,2026-10-03T22:07:22Z,2026-10-03T17:00:00Z,statsapi_schedule_lineups,lineup_501d12620649,2026-10-03,schedule_lineups_list_index
849829,CLE,CWS,595978,,False,scratched,2026-10-03T22:07:22Z,2026-10-03T17:00:00Z,statsapi_schedule_lineups,lineup_501d12620649,2026-10-03,schedule_lineups_list_index
849829,CLE,CWS,677587,,False,scratched,2026-10-03T22:07:22Z,2026-10-03T17:00:00Z,statsapi_schedule_lineups,lineup_501d12620649,2026-10-03,schedule_lineups_list_index
849829,CWS,CLE,805367,,False,scratched,2026-10-03T22:07:22Z,2026-10-03T17:00:00Z,statsapi_schedule_lineups,lineup_501d12620649,2026-10-03,schedule_lineups_list_index
849829,CLE,CWS,608070,,False,scratched,2026-10-03T22:07:22Z,2026-10-03T17:00:00Z,statsapi_schedule_lineups,lineup_501d12620649,2026-10-03,schedule_lineups_list_index
849829,CLE,CWS,666176,,False,scratched,2026-10-03T22:07:22Z,2026-10-03T17:00:00Z,statsapi_schedule_lineups,lineup_501d12620649,2026-10-03,schedule_lineups_list_index
849829,CWS,CLE,808959,,False,scratched,2026-10-03T22:07:22Z,2026-10-03T17:00:00Z,statsapi_schedule_lineups,lineup_501d12620649,2026-10-03,schedule_lineups_list_index
849829,CLE,CWS,682657,,False,scratched,2026-10-03T22:07:22Z,2026-10-03T17:00:00Z,statsapi_schedule_lineups,lineup_501d12620649,2026-10-03,schedule_lineups_list_index
849829,CLE,CWS,680757,,False,scratched,2026-10-03T22:07:22Z,2026-10-03T17:00:00Z,statsapi_schedule_lineups,lineup_501d12620649,2026-10-03,schedule_lineups_list_index
849829,CWS,CLE,686668,,False,scratched,2026-10-03T22:07:22Z,2026-10-03T17:00:00Z,statsapi_schedule_lineups,lineup_501d12620649,2026-10-03,schedule_lineups_list_index
849829,CWS,CLE,695657,,False,scratched,2026-10-03T22:07:22Z,2026-10-03T17:00:00Z,statsapi_schedule_lineups,lineup_501d12620649,2026-10-03,schedule_lineups_list_index
849829,CWS,CLE,678246,,False,scratched,2026-10-03T22:07:22Z,2026-10-03T17:00:00Z,statsapi_schedule_lineups,lineup_501d12620649,2026-10-03,schedule_lineups_list_index
849829,CLE,CWS,800050,,False,scratched,2026-10-03T22:07:22Z,2026-10-03T17:00:00Z,statsapi_schedule_lineups,lineup_501d12620649,2026-10-03,schedule_lineups_list_index
849829,CLE,CWS,681807,,False,scratched,2026-10-03T22:07:22Z,2026-10-03T17:00:00Z,statsapi_schedule_lineups,lineup_501d12620649,2026-10-03,schedule_lineups_list_index
849835,TB,NYY,676356,,False,scratched,2026-10-05T21:58:39Z,2026-10-03T22:30:00Z,statsapi_schedule_lineups,lineup_689a50bc17ec,2026-10-03,schedule_lineups_list_index
849835,NYY,TB,700250,,False,scratched,2026-10-05T21:58:39Z,2026-10-03T22:30:00Z,statsapi_schedule_lineups,lineup_689a50bc17ec,2026-10-03,schedule_lineups_list_index
849830,MIL,SD,641343,,False,scratched,2026-10-05T21:58:39Z,2026-10-04T00:30:00Z,statsapi_schedule_lineups,lineup_689a50bc17ec,2026-10-03,schedule_lineups_list_index
849830,MIL,SD,661388,,False,scratched,2026-10-05T21:58:39Z,2026-10-04T00:30:00Z,statsapi_schedule_lineups,lineup_689a50bc17ec,2026-10-03,schedule_lineups_list_index
849830,MIL,SD,592885,,False,scratched,2026-10-05T21:58:39Z,2026-10-04T00:30:00Z,statsapi_schedule_lineups,lineup_689a50bc17ec,2026-10-03,schedule_lineups_list_index
849835,NYY,TB,641355,,False,scratched,2026-10-05T21:58:39Z,2026-10-03T22:30:00Z,statsapi_schedule_lineups,lineup_689a50bc17ec,2026-10-03,schedule_lineups_list_index
849835,NYY,TB,806146,,False,scratched,2026-10-05T21:58:39Z,2026-10-03T22:30:00Z,statsapi_schedule_lineups,lineup_689a50bc17ec,2026-10-03,schedule_lineups_list_index
849835,NYY,TB,671277,,False,scratched,2026-10-05T21:58:39Z,2026-10-03T22:30:00Z,statsapi_schedule_lineups,lineup_689a50bc17ec,2026-10-03,schedule_lineups_list_index
849835,TB,NYY,670764,,False,scratched,2026-10-05T21:58:39Z,2026-10-03T22:30:00Z,statsapi_schedule_lineups,lineup_689a50bc17ec,2026-10-03,schedule_lineups_list_index
849830,MIL,SD,694192,,False,scratched,2026-10-05T21:58:39Z,2026-10-04T00:30:00Z,statsapi_schedule_lineups,lineup_689a50bc17ec,2026-10-03,schedule_lineups_list_index
849830,MIL,SD,800325,,False,scratched,2026-10-05T21:58:39Z,2026-10-04T00:30:00Z,statsapi_schedule_lineups,lineup_689a50bc17ec,2026-10-03,schedule_lineups_list_index
849830,MIL,SD,668930,,False,scratched,2026-10-05T21:58:39Z,2026-10-04T00:30:00Z,statsapi_schedule_lineups,lineup_689a50bc17ec,2026-10-03,schedule_lineups_list_index
849834,CWS,CLE,643217,,False,scratched,2026-10-05T21:58:39Z,2026-10-05T21:00:00Z,statsapi_schedule_lineups,lineup_689a50bc17ec,2026-10-05,schedule_lineups_list_index
849834,CLE,CWS,677587,,False,scratched,2026-10-05T21:58:39Z,2026-10-05T21:00:00Z,statsapi_schedule_lineups,lineup_689a50bc17ec,2026-10-05,schedule_lineups_list_index
849834,CWS,CLE,695657,,False,scratched,2026-10-05T21:58:39Z,2026-10-05T21:00:00Z,statsapi_schedule_lineups,lineup_689a50bc17ec,2026-10-05,schedule_lineups_list_index
849835,TB,NYY,683748,,False,scratched,2026-10-05T21:58:39Z,2026-10-03T22:30:00Z,statsapi_schedule_lineups,lineup_689a50bc17ec,2026-10-03,schedule_lineups_list_index
849835,TB,NYY,680700,,False,scratched,2026-10-05T21:58:39Z,2026-10-03T22:30:00Z,statsapi_schedule_lineups,lineup_689a50bc17ec,2026-10-03,schedule_lineups_list_index
849834,CWS,CLE,695731,,False,scratched,2026-10-05T21:58:39Z,2026-10-05T21:00:00Z,statsapi_schedule_lineups,lineup_689a50bc17ec,2026-10-05,schedule_lineups_list_index
849835,TB,NYY,689414,,False,scratched,2026-10-05T21:58:39Z,2026-10-03T22:30:00Z,statsapi_schedule_lineups,lineup_689a50bc17ec,2026-10-03,schedule_lineups_list_index
849835,TB,NYY,802415,,False,scratched,2026-10-05T21:58:39Z,2026-10-03T22:30:00Z,statsapi_schedule_lineups,lineup_689a50bc17ec,2026-10-03,schedule_lineups_list_index
849834,CLE,CWS,683953,,False,scratched,2026-10-05T21:58:39Z,2026-10-05T21:00:00Z,statsapi_schedule_lineups,lineup_689a50bc17ec,2026-10-05,schedule_lineups_list_index
849834,CWS,CLE,678246,,False,scratched,2026-10-05T21:58:39Z,2026-10-05T21:00:00Z,statsapi_schedule_lineups,lineup_689a50bc17ec,2026-10-05,schedule_lineups_list_index
849834,CWS,CLE,691019,,False,scratched,2026-10-05T21:58:39Z,2026-10-05T21:00:00Z,statsapi_schedule_lineups,lineup_689a50bc17ec,2026-10-05,schedule_lineups_list_index
849835,NYY,TB,665862,,False,scratched,2026-10-05T21:58:39Z,2026-10-03T22:30:00Z,statsapi_schedule_lineups,lineup_689a50bc17ec,2026-10-03,schedule_lineups_list_index
849830,MIL,SD,806198,,False,scratched,2026-10-05T21:58:39Z,2026-10-04T00:30:00Z,statsapi_schedule_lineups,lineup_689a50bc17ec,2026-10-03,schedule_lineups_list_index
849834,CLE,CWS,672275,,False,scratched,2026-10-05T21:58:39Z,2026-10-05T21:00:00Z,statsapi_schedule_lineups,lineup_689a50bc17ec,2026-10-05,schedule_lineups_list_index
849834,CWS,CLE,808959,,False,scratched,2026-10-05T21:58:39Z,2026-10-05T21:00:00Z,statsapi_schedule_lineups,lineup_689a50bc17ec,2026-10-05,schedule_lineups_list_index
849835,NYY,TB,641857,,False,scratched,2026-10-05T21:58:39Z,2026-10-03T22:30:00Z,statsapi_schedule_lineups,lineup_689a50bc17ec,2026-10-03,schedule_lineups_list_index
849834,CLE,CWS,682657,,False,scratched,2026-10-05T21:58:39Z,2026-10-05T21:00:00Z,statsapi_schedule_lineups,lineup_689a50bc17ec,2026-10-05,schedule_lineups_list_index
849830,SD,MIL,701538,,False,scratched,2026-10-05T21:58:39Z,2026-10-04T00:30:00Z,statsapi_schedule_lineups,lineup_689a50bc17ec,2026-10-03,schedule_lineups_list_index
849835,TB,NYY,650490,,False,scratched,2026-10-05T21:58:39Z,2026-10-03T22:30:00Z,statsapi_schedule_lineups,lineup_689a50bc17ec,2026-10-03,schedule_lineups_list_index
849834,CLE,CWS,666176,,False,scratched,2026-10-05T21:58:39Z,2026-10-05T21:00:00Z,statsapi_schedule_lineups,lineup_689a50bc17ec,2026-10-05,schedule_lineups_list_index
849834,CLE,CWS,680757,,False,scratched,2026-10-05T21:58:39Z,2026-10-05T21:00:00Z,statsapi_schedule_lineups,lineup_689a50bc17ec,2026-10-05,schedule_lineups_list_index
849834,CWS,CLE,805367,,False,scratched,2026-10-05T21:58:39Z,2026-10-05T21:00:00Z,statsapi_schedule_lineups,lineup_689a50bc17ec,2026-10-05,schedule_lineups_list_index
849834,CWS,CLE,671976,,False,scratched,2026-10-05T21:58:39Z,2026-10-05T21:00:00Z,statsapi_schedule_lineups,lineup_689a50bc17ec,2026-10-05,schedule_lineups_list_index
849834,CLE,CWS,800050,,False,scratched,2026-10-05T21:58:39Z,2026-10-05T21:00:00Z,statsapi_schedule_lineups,lineup_689a50bc17ec,2026-10-05,schedule_lineups_list_index
849835,NYY,TB,663757,,False,scratched,2026-10-05T21:58:39Z,2026-10-03T22:30:00Z,statsapi_schedule_lineups,lineup_689a50bc17ec,2026-10-03,schedule_lineups_list_index
849830,MIL,SD,669003,,False,scratched,2026-10-05T21:58:39Z,2026-10-04T00:30:00Z,statsapi_schedule_lineups,lineup_689a50bc17ec,2026-10-03,schedule_lineups_list_index
849834,CLE,CWS,608070,,False,scratched,2026-10-05T21:58:39Z,2026-10-05T21:00:00Z,statsapi_schedule_lineups,lineup_689a50bc17ec,2026-10-05,schedule_lineups_list_index
849835,TB,NYY,691406,,False,scratched,2026-10-05T21:58:39Z,2026-10-03T22:30:00Z,statsapi_schedule_lineups,lineup_689a50bc17ec,2026-10-03,schedule_lineups_list_index
849834,CWS,CLE,803011,,False,scratched,2026-10-05T21:58:39Z,2026-10-05T21:00:00Z,statsapi_schedule_lineups,lineup_689a50bc17ec,2026-10-05,schedule_lineups_list_index
849830,SD,MIL,592518,,False,scratched,2026-10-05T21:58:39Z,2026-10-04T00:30:00Z,statsapi_schedule_lineups,lineup_689a50bc17ec,2026-10-03,schedule_lineups_list_index
849830,SD,MIL,806956,,False,scratched,2026-10-05T21:58:39Z,2026-10-04T00:30:00Z,statsapi_schedule_lineups,lineup_689a50bc17ec,2026-10-03,schedule_lineups_list_index
849835,NYY,TB,669224,,False,scratched,2026-10-05T21:58:39Z,2026-10-03T22:30:00Z,statsapi_schedule_lineups,lineup_689a50bc17ec,2026-10-03,schedule_lineups_list_index
849830,SD,MIL,665487,,False,scratched,2026-10-05T21:58:39Z,2026-10-04T00:30:00Z,statsapi_schedule_lineups,lineup_689a50bc17ec,2026-10-03,schedule_lineups_list_index
849835,TB,NYY,666018,,False,scratched,2026-10-05T21:58:39Z,2026-10-03T22:30:00Z,statsapi_schedule_lineups,lineup_689a50bc17ec,2026-10-03,schedule_lineups_list_index
849835,NYY,TB,682987,,False,scratched,2026-10-05T21:58:39Z,2026-10-03T22:30:00Z,statsapi_schedule_lineups,lineup_689a50bc17ec,2026-10-03,schedule_lineups_list_index
849830,SD,MIL,630105,,False,scratched,2026-10-05T21:58:39Z,2026-10-04T00:30:00Z,statsapi_schedule_lineups,lineup_689a50bc17ec,2026-10-03,schedule_lineups_list_index
849830,MIL,SD,687401,,False,scratched,2026-10-05T21:58:39Z,2026-10-04T00:30:00Z,statsapi_schedule_lineups,lineup_689a50bc17ec,2026-10-03,schedule_lineups_list_index
849834,CLE,CWS,663993,,False,scratched,2026-10-05T21:58:39Z,2026-10-05T21:00:00Z,statsapi_schedule_lineups,lineup_689a50bc17ec,2026-10-05,schedule_lineups_list_index
849830,SD,MIL,664034,,False,scratched,2026-10-05T21:58:39Z,2026-10-04T00:30:00Z,statsapi_schedule_lineups,lineup_689a50bc17ec,2026-10-03,schedule_lineups_list_index
849830,SD,MIL,593428,,False,scratched,2026-10-05T21:58:39Z,2026-10-04T00:30:00Z,statsapi_schedule_lineups,lineup_689a50bc17ec,2026-10-03,schedule_lineups_list_index
849830,SD,MIL,687957,,False,scratched,2026-10-05T21:58:39Z,2026-10-04T00:30:00Z,statsapi_schedule_lineups,lineup_689a50bc17ec,2026-10-03,schedule_lineups_list_index
849830,SD,MIL,669134,,False,scratched,2026-10-05T21:58:39Z,2026-10-04T00:30:00Z,statsapi_schedule_lineups,lineup_689a50bc17ec,2026-10-03,schedule_lineups_list_index
849839,NYY,TB,700250,,False,scratched,2026-10-06T20:12:37Z,2026-10-06T00:00:00Z,statsapi_schedule_lineups,lineup_2d214f85eb57,2026-10-05,schedule_lineups_list_index
849839,TB,NYY,666018,,False,scratched,2026-10-06T20:12:37Z,2026-10-06T00:00:00Z,statsapi_schedule_lineups,lineup_2d214f85eb57,2026-10-05,schedule_lineups_list_index
849839,TB,NYY,650490,,False,scratched,2026-10-06T20:12:37Z,2026-10-06T00:00:00Z,statsapi_schedule_lineups,lineup_2d214f85eb57,2026-10-05,schedule_lineups_list_index
849839,NYY,TB,641857,,False,scratched,2026-10-06T20:12:37Z,2026-10-06T00:00:00Z,statsapi_schedule_lineups,lineup_2d214f85eb57,2026-10-05,schedule_lineups_list_index
849839,TB,NYY,802415,,False,scratched,2026-10-06T20:12:37Z,2026-10-06T00:00:00Z,statsapi_schedule_lineups,lineup_2d214f85eb57,2026-10-05,schedule_lineups_list_index
849839,TB,NYY,676356,,False,scratched,2026-10-06T20:12:37Z,2026-10-06T00:00:00Z,statsapi_schedule_lineups,lineup_2d214f85eb57,2026-10-05,schedule_lineups_list_index
849839,NYY,TB,641355,,False,scratched,2026-10-06T20:12:37Z,2026-10-06T00:00:00Z,statsapi_schedule_lineups,lineup_2d214f85eb57,2026-10-05,schedule_lineups_list_index
849839,TB,NYY,670764,,False,scratched,2026-10-06T20:12:37Z,2026-10-06T00:00:00Z,statsapi_schedule_lineups,lineup_2d214f85eb57,2026-10-05,schedule_lineups_list_index
849839,TB,NYY,680700,,False,scratched,2026-10-06T20:12:37Z,2026-10-06T00:00:00Z,statsapi_schedule_lineups,lineup_2d214f85eb57,2026-10-05,schedule_lineups_list_index
849839,NYY,TB,669224,,False,scratched,2026-10-06T20:12:37Z,2026-10-06T00:00:00Z,statsapi_schedule_lineups,lineup_2d214f85eb57,2026-10-05,schedule_lineups_list_index
849839,TB,NYY,683748,,False,scratched,2026-10-06T20:12:37Z,2026-10-06T00:00:00Z,statsapi_schedule_lineups,lineup_2d214f85eb57,2026-10-05,schedule_lineups_list_index
849839,NYY,TB,665862,,False,scratched,2026-10-06T20:12:37Z,2026-10-06T00:00:00Z,statsapi_schedule_lineups,lineup_2d214f85eb57,2026-10-05,schedule_lineups_list_index
849839,NYY,TB,663757,,False,scratched,2026-10-06T20:12:37Z,2026-10-06T00:00:00Z,statsapi_schedule_lineups,lineup_2d214f85eb57,2026-10-05,schedule_lineups_list_index
849839,TB,NYY,691406,,False,scratched,2026-10-06T20:12:37Z,2026-10-06T00:00:00Z,statsapi_schedule_lineups,lineup_2d214f85eb57,2026-10-05,schedule_lineups_list_index
849839,NYY,TB,682987,,False,scratched,2026-10-06T20:12:37Z,2026-10-06T00:00:00Z,statsapi_schedule_lineups,lineup_2d214f85eb57,2026-10-05,schedule_lineups_list_index
849839,TB,NYY,689414,,False,scratched,2026-10-06T20:12:37Z,2026-10-06T00:00:00Z,statsapi_schedule_lineups,lineup_2d214f85eb57,2026-10-05,schedule_lineups_list_index
849839,NYY,TB,671277,,False,scratched,2026-10-06T20:12:37Z,2026-10-06T00:00:00Z,statsapi_schedule_lineups,lineup_2d214f85eb57,2026-10-05,schedule_lineups_list_index
849839,NYY,TB,806146,,False,scratched,2026-10-06T20:12:37Z,2026-10-06T00:00:00Z,statsapi_schedule_lineups,lineup_2d214f85eb57,2026-10-05,schedule_lineups_list_index
849819,LAD,ATL,663656,,False,scratched,2026-10-07T00:05:37Z,2026-10-06T22:00:00Z,statsapi_schedule_lineups,lineup_99cbf2e7c049,2026-10-06,schedule_lineups_list_index
849819,LAD,ATL,605141,,False,scratched,2026-10-07T00:05:37Z,2026-10-06T22:00:00Z,statsapi_schedule_lineups,lineup_99cbf2e7c049,2026-10-06,schedule_lineups_list_index
849819,ATL,LAD,645277,,False,scratched,2026-10-07T00:05:37Z,2026-10-06T22:00:00Z,statsapi_schedule_lineups,lineup_99cbf2e7c049,2026-10-06,schedule_lineups_list_index
849819,ATL,LAD,673490,,False,scratched,2026-10-07T00:05:37Z,2026-10-06T22:00:00Z,statsapi_schedule_lineups,lineup_99cbf2e7c049,2026-10-06,schedule_lineups_list_index
849819,ATL,LAD,663586,,False,scratched,2026-10-07T00:05:37Z,2026-10-06T22:00:00Z,statsapi_schedule_lineups,lineup_99cbf2e7c049,2026-10-06,schedule_lineups_list_index
849819,ATL,LAD,686948,,False,scratched,2026-10-07T00:05:37Z,2026-10-06T22:00:00Z,statsapi_schedule_lineups,lineup_99cbf2e7c049,2026-10-06,schedule_lineups_list_index
849819,ATL,LAD,671739,,False,scratched,2026-10-07T00:05:37Z,2026-10-06T22:00:00Z,statsapi_schedule_lineups,lineup_99cbf2e7c049,2026-10-06,schedule_lineups_list_index
849819,ATL,LAD,643289,,False,scratched,2026-10-07T00:05:37Z,2026-10-06T22:00:00Z,statsapi_schedule_lineups,lineup_99cbf2e7c049,2026-10-06,schedule_lineups_list_index
849819,ATL,LAD,669221,,False,scratched,2026-10-07T00:05:37Z,2026-10-06T22:00:00Z,statsapi_schedule_lineups,lineup_99cbf2e7c049,2026-10-06,schedule_lineups_list_index
849819,ATL,LAD,660670,,False,scratched,2026-10-07T00:05:37Z,2026-10-06T22:00:00Z,statsapi_schedule_lineups,lineup_99cbf2e7c049,2026-10-06,schedule_lineups_list_index
849819,LAD,ATL,681624,,False,scratched,2026-10-07T00:05:37Z,2026-10-06T22:00:00Z,statsapi_schedule_lineups,lineup_99cbf2e7c049,2026-10-06,schedule_lineups_list_index
849819,LAD,ATL,518692,,False,scratched,2026-10-07T00:05:37Z,2026-10-06T22:00:00Z,statsapi_schedule_lineups,lineup_99cbf2e7c049,2026-10-06,schedule_lineups_list_index
849819,LAD,ATL,606192,,False,scratched,2026-10-07T00:05:37Z,2026-10-06T22:00:00Z,statsapi_schedule_lineups,lineup_99cbf2e7c049,2026-10-06,schedule_lineups_list_index
849819,LAD,ATL,669257,,False,scratched,2026-10-07T00:05:37Z,2026-10-06T22:00:00Z,statsapi_schedule_lineups,lineup_99cbf2e7c049,2026-10-06,schedule_lineups_list_index
849819,LAD,ATL,660271,,False,scratched,2026-10-07T00:05:37Z,2026-10-06T22:00:00Z,statsapi_schedule_lineups,lineup_99cbf2e7c049,2026-10-06,schedule_lineups_list_index
849819,LAD,ATL,571771,,False,scratched,2026-10-07T00:05:37Z,2026-10-06T22:00:00Z,statsapi_schedule_lineups,lineup_99cbf2e7c049,2026-10-06,schedule_lineups_list_index
849819,LAD,ATL,500743,,False,scratched,2026-10-07T00:05:37Z,2026-10-06T22:00:00Z,statsapi_schedule_lineups,lineup_99cbf2e7c049,2026-10-06,schedule_lineups_list_index
849819,ATL,LAD,621566,,False,scratched,2026-10-07T00:05:37Z,2026-10-06T22:00:00Z,statsapi_schedule_lineups,lineup_99cbf2e7c049,2026-10-06,schedule_lineups_list_index
849826,SD,MIL,687957,,False,scratched,2026-10-10T19:15:34Z,2026-10-07T01:30:00Z,statsapi_schedule_lineups,lineup_0c9de5790388,2026-10-06,schedule_lineups_list_index
849826,SD,MIL,665487,,False,scratched,2026-10-10T19:15:34Z,2026-10-07T01:30:00Z,statsapi_schedule_lineups,lineup_0c9de5790388,2026-10-06,schedule_lineups_list_index
849826,SD,MIL,701538,,False,scratched,2026-10-10T19:15:34Z,2026-10-07T01:30:00Z,statsapi_schedule_lineups,lineup_0c9de5790388,2026-10-06,schedule_lineups_list_index
849826,SD,MIL,592518,,False,scratched,2026-10-10T19:15:34Z,2026-10-07T01:30:00Z,statsapi_schedule_lineups,lineup_0c9de5790388,2026-10-06,schedule_lineups_list_index
849826,SD,MIL,664034,,False,scratched,2026-10-10T19:15:34Z,2026-10-07T01:30:00Z,statsapi_schedule_lineups,lineup_0c9de5790388,2026-10-06,schedule_lineups_list_index
849826,SD,MIL,806956,,False,scratched,2026-10-10T19:15:34Z,2026-10-07T01:30:00Z,statsapi_schedule_lineups,lineup_0c9de5790388,2026-10-06,schedule_lineups_list_index
849826,SD,MIL,593428,,False,scratched,2026-10-10T19:15:34Z,2026-10-07T01:30:00Z,statsapi_schedule_lineups,lineup_0c9de5790388,2026-10-06,schedule_lineups_list_index
849826,SD,MIL,669392,,False,scratched,2026-10-10T19:15:34Z,2026-10-07T01:30:00Z,statsapi_schedule_lineups,lineup_0c9de5790388,2026-10-06,schedule_lineups_list_index
849826,MIL,SD,668930,,False,scratched,2026-10-10T19:15:34Z,2026-10-07T01:30:00Z,statsapi_schedule_lineups,lineup_0c9de5790388,2026-10-06,schedule_lineups_list_index
849826,MIL,SD,641343,,False,scratched,2026-10-10T19:15:34Z,2026-10-07T01:30:00Z,statsapi_schedule_lineups,lineup_0c9de5790388,2026-10-06,schedule_lineups_list_index
849826,MIL,SD,661388,,False,scratched,2026-10-10T19:15:34Z,2026-10-07T01:30:00Z,statsapi_schedule_lineups,lineup_0c9de5790388,2026-10-06,schedule_lineups_list_index
849826,MIL,SD,592885,,False,scratched,2026-10-10T19:15:34Z,2026-10-07T01:30:00Z,statsapi_schedule_lineups,lineup_0c9de5790388,2026-10-06,schedule_lineups_list_index
849826,SD,MIL,630105,,False,scratched,2026-10-10T19:15:34Z,2026-10-07T01:30:00Z,statsapi_schedule_lineups,lineup_0c9de5790388,2026-10-06,schedule_lineups_list_index
849826,MIL,SD,687401,,False,scratched,2026-10-10T19:15:34Z,2026-10-07T01:30:00Z,statsapi_schedule_lineups,lineup_0c9de5790388,2026-10-06,schedule_lineups_list_index
849826,MIL,SD,669003,,False,scratched,2026-10-10T19:15:34Z,2026-10-07T01:30:00Z,statsapi_schedule_lineups,lineup_0c9de5790388,2026-10-06,schedule_lineups_list_index
849826,MIL,SD,806198,,False,scratched,2026-10-10T19:15:34Z,2026-10-07T01:30:00Z,statsapi_schedule_lineups,lineup_0c9de5790388,2026-10-06,schedule_lineups_list_index
849826,MIL,SD,694192,,False,scratched,2026-10-10T19:15:34Z,2026-10-07T01:30:00Z,statsapi_schedule_lineups,lineup_0c9de5790388,2026-10-06,schedule_lineups_list_index
849826,MIL,SD,686217,,False,scratched,2026-10-10T19:15:34Z,2026-10-07T01:30:00Z,statsapi_schedule_lineups,lineup_0c9de5790388,2026-10-06,schedule_lineups_list_index
