decision_id,policy_version,venue_id,market_id,market_slug,game_pk,side_team,is_long,decision_time_utc,quote_receive_time_utc,quote_request_time_utc,fee_version,action,pass_reason,requested_qty,fill_assumption,delay_seconds,adverse_ticks,tick_size,filled_qty,unfilled_qty,avg_fill_price,acquisition_cost,fees_paid,fills_json,model_name,model_probability,market_mid_probability,executable_buy,probability_source,outcome_unknown_at_decision,key_mlbam,stat,threshold,player_name,policy_hash,cohort,requested_local_date,quote_age_seconds,lineup_availability,pass_reasons_json,exclusion_code,market_slug_key,capture_id,research_only,store_kind
14a4ab975b7c729332f6af04,polymarket_us_mlb_hitter_hits_1plus_v1_frozen_v1,polymarket_us,956515,astatc-mlb-min-laa-2026-09-19-hits-ausmar-gte1,823976.0,Austin Martin,True,2026-09-20T01:27:04Z,2026-09-20T01:27:04Z,2026-09-20T01:27:04Z,us_taker_theta_0.0695_2026-09-17,pass,inside_entry_cutoff_window_or_after_start|quote_age_seconds:513>max:30|lineup_availability_unknown,1.0,walk_asks,0,0,0.01,0.0,1.0,,0.0,0.0,[],same_time_market_mid_baseline,0.5800000000000001,0.5800000000000001,,hit_prop_research,True,668885.0,hits,1,Austin Martin,2f08c06d052b3115,regular_season,2026-09-19,513.0,unknown,"[""inside_entry_cutoff_window_or_after_start"", ""quote_age_seconds:513>max:30"", ""lineup_availability_unknown""]",entry_timing,astatc-mlb-min-laa-2026-09-19-hits-ausmar-gte1,hp_20260920T011830Z,True,prospective
79313b9d34699dc281d9a085,polymarket_us_mlb_hitter_hits_1plus_v1_frozen_v1,polymarket_us,956512,astatc-mlb-min-laa-2026-09-19-hits-brolee-gte1,823976.0,Brooks Lee,True,2026-09-20T01:27:04Z,2026-09-20T01:27:04Z,2026-09-20T01:27:04Z,us_taker_theta_0.0695_2026-09-17,pass,inside_entry_cutoff_window_or_after_start|quote_age_seconds:512>max:30|lineup_availability_unknown,1.0,walk_asks,0,0,0.01,0.0,1.0,,0.0,0.0,[],same_time_market_mid_baseline,0.615,0.615,,hit_prop_research,True,686797.0,hits,1,Brooks Lee,2f08c06d052b3115,regular_season,2026-09-19,512.0,unknown,"[""inside_entry_cutoff_window_or_after_start"", ""quote_age_seconds:512>max:30"", ""lineup_availability_unknown""]",entry_timing,astatc-mlb-min-laa-2026-09-19-hits-brolee-gte1,hp_20260920T011830Z,True,prospective
646acc12c5db193dfb9e0b5b,polymarket_us_mlb_hitter_hits_1plus_v1_frozen_v1,polymarket_us,956102,astatc-mlb-min-laa-2026-09-19-hits-denguz-gte1,823976.0,Denzer Guzman,True,2026-09-20T01:27:04Z,2026-09-20T01:27:04Z,2026-09-20T01:27:04Z,us_taker_theta_0.0695_2026-09-17,pass,inside_entry_cutoff_window_or_after_start|quote_age_seconds:512>max:30|lineup_availability_unknown,1.0,walk_asks,0,0,0.01,0.0,1.0,,0.0,0.0,[],same_time_market_mid_baseline,0.55,0.55,,hit_prop_research,True,694203.0,hits,1,Denzer Guzman,2f08c06d052b3115,regular_season,2026-09-19,512.0,unknown,"[""inside_entry_cutoff_window_or_after_start"", ""quote_age_seconds:512>max:30"", ""lineup_availability_unknown""]",entry_timing,astatc-mlb-min-laa-2026-09-19-hits-denguz-gte1,hp_20260920T011830Z,True,prospective
86e2165646b6ba6ff6ff714b,polymarket_us_mlb_hitter_hits_1plus_v1_frozen_v1,polymarket_us,947301,astatc-mlb-min-laa-2026-09-19-hits-josbel-gte1,823976.0,Josh Bell,True,2026-09-20T01:27:04Z,2026-09-20T01:27:04Z,2026-09-20T01:27:04Z,us_taker_theta_0.0695_2026-09-17,pass,inside_entry_cutoff_window_or_after_start|quote_age_seconds:512>max:30|lineup_availability_unknown,1.0,walk_asks,0,0,0.01,0.0,1.0,,0.0,0.0,[],same_time_market_mid_baseline,0.6000000000000001,0.6000000000000001,,hit_prop_research,True,605137.0,hits,1,Josh Bell,2f08c06d052b3115,regular_season,2026-09-19,512.0,unknown,"[""inside_entry_cutoff_window_or_after_start"", ""quote_age_seconds:512>max:30"", ""lineup_availability_unknown""]",entry_timing,astatc-mlb-min-laa-2026-09-19-hits-josbel-gte1,hp_20260920T011830Z,True,prospective
b7a85137956069447fe0afcc,polymarket_us_mlb_hitter_hits_1plus_v1_frozen_v1,polymarket_us,956105,astatc-mlb-min-laa-2026-09-19-hits-joslow-gte1,823976.0,Josh Lowe,True,2026-09-20T01:27:04Z,2026-09-20T01:27:04Z,2026-09-20T01:27:04Z,us_taker_theta_0.0695_2026-09-17,pass,inside_entry_cutoff_window_or_after_start|quote_age_seconds:512>max:30|lineup_availability_unknown,1.0,walk_asks,0,0,0.01,0.0,1.0,,0.0,0.0,[],same_time_market_mid_baseline,0.495,0.495,,hit_prop_research,True,666139.0,hits,1,Josh Lowe,2f08c06d052b3115,regular_season,2026-09-19,512.0,unknown,"[""inside_entry_cutoff_window_or_after_start"", ""quote_age_seconds:512>max:30"", ""lineup_availability_unknown""]",entry_timing,astatc-mlb-min-laa-2026-09-19-hits-joslow-gte1,hp_20260920T011830Z,True,prospective
792d7aa3334f471d7b480b67,polymarket_us_mlb_hitter_hits_1plus_v1_frozen_v1,polymarket_us,956108,astatc-mlb-min-laa-2026-09-19-hits-jossir-gte1,823976.0,Jose Siri,True,2026-09-20T01:27:04Z,2026-09-20T01:27:04Z,2026-09-20T01:27:04Z,us_taker_theta_0.0695_2026-09-17,pass,inside_entry_cutoff_window_or_after_start|quote_age_seconds:512>max:30|lineup_availability_unknown,1.0,walk_asks,0,0,0.01,0.0,1.0,,0.0,0.0,[],same_time_market_mid_baseline,0.505,0.505,,hit_prop_research,True,642350.0,hits,1,Jose Siri,2f08c06d052b3115,regular_season,2026-09-19,512.0,unknown,"[""inside_entry_cutoff_window_or_after_start"", ""quote_age_seconds:512>max:30"", ""lineup_availability_unknown""]",entry_timing,astatc-mlb-min-laa-2026-09-19-hits-jossir-gte1,hp_20260920T011830Z,True,prospective
1ad6bf963fa0f1808403d8fb,polymarket_us_mlb_hitter_hits_1plus_v1_frozen_v1,polymarket_us,947286,astatc-mlb-min-laa-2026-09-19-hits-lukkea-gte1,823976.0,Luke Keaschall,True,2026-09-20T01:27:04Z,2026-09-20T01:27:04Z,2026-09-20T01:27:04Z,us_taker_theta_0.0695_2026-09-17,pass,inside_entry_cutoff_window_or_after_start|quote_age_seconds:512>max:30|lineup_availability_unknown,1.0,walk_asks,0,0,0.01,0.0,1.0,,0.0,0.0,[],same_time_market_mid_baseline,0.615,0.615,,hit_prop_research,True,807712.0,hits,1,Luke Keaschall,2f08c06d052b3115,regular_season,2026-09-19,512.0,unknown,"[""inside_entry_cutoff_window_or_after_start"", ""quote_age_seconds:512>max:30"", ""lineup_availability_unknown""]",entry_timing,astatc-mlb-min-laa-2026-09-19-hits-lukkea-gte1,hp_20260920T011830Z,True,prospective
5245ba515826e27408575620,polymarket_us_mlb_hitter_hits_1plus_v1_frozen_v1,polymarket_us,947304,astatc-mlb-min-laa-2026-09-19-hits-miktro-gte1,823976.0,Mike Trout,True,2026-09-20T01:27:04Z,2026-09-20T01:27:04Z,2026-09-20T01:27:04Z,us_taker_theta_0.0695_2026-09-17,pass,inside_entry_cutoff_window_or_after_start|quote_age_seconds:512>max:30|lineup_availability_unknown,1.0,walk_asks,0,0,0.01,0.0,1.0,,0.0,0.0,[],same_time_market_mid_baseline,0.5700000000000001,0.5700000000000001,,hit_prop_research,True,545361.0,hits,1,Mike Trout,2f08c06d052b3115,regular_season,2026-09-19,512.0,unknown,"[""inside_entry_cutoff_window_or_after_start"", ""quote_age_seconds:512>max:30"", ""lineup_availability_unknown""]",entry_timing,astatc-mlb-min-laa-2026-09-19-hits-miktro-gte1,hp_20260920T011830Z,True,prospective
15a3f655682057df5bddbca3,polymarket_us_mlb_hitter_hits_1plus_v1_frozen_v1,polymarket_us,947310,astatc-mlb-min-laa-2026-09-19-hits-moibal-gte1,823976.0,Moisés Ballesteros,True,2026-09-20T01:27:04Z,2026-09-20T01:27:04Z,2026-09-20T01:27:04Z,us_taker_theta_0.0695_2026-09-17,pass,inside_entry_cutoff_window_or_after_start|quote_age_seconds:511>max:30|lineup_availability_unknown,1.0,walk_asks,0,0,0.01,0.0,1.0,,0.0,0.0,[],same_time_market_mid_baseline,0.5700000000000001,0.5700000000000001,,hit_prop_research,True,694208.0,hits,1,Moisés Ballesteros,2f08c06d052b3115,regular_season,2026-09-19,511.0,unknown,"[""inside_entry_cutoff_window_or_after_start"", ""quote_age_seconds:511>max:30"", ""lineup_availability_unknown""]",entry_timing,astatc-mlb-min-laa-2026-09-19-hits-moibal-gte1,hp_20260920T011830Z,True,prospective
a5874a87bc1948818a5524cb,polymarket_us_mlb_hitter_hits_1plus_v1_frozen_v1,polymarket_us,947307,astatc-mlb-min-laa-2026-09-19-hits-roylew-gte1,823976.0,Royce Lewis,True,2026-09-20T01:27:04Z,2026-09-20T01:27:04Z,2026-09-20T01:27:04Z,us_taker_theta_0.0695_2026-09-17,pass,inside_entry_cutoff_window_or_after_start|quote_age_seconds:511>max:30|lineup_availability_unknown,1.0,walk_asks,0,0,0.01,0.0,1.0,,0.0,0.0,[],same_time_market_mid_baseline,0.56,0.56,,hit_prop_research,True,668904.0,hits,1,Royce Lewis,2f08c06d052b3115,regular_season,2026-09-19,511.0,unknown,"[""inside_entry_cutoff_window_or_after_start"", ""quote_age_seconds:511>max:30"", ""lineup_availability_unknown""]",entry_timing,astatc-mlb-min-laa-2026-09-19-hits-roylew-gte1,hp_20260920T011830Z,True,prospective
336c3bbceb5203ed5d55fa15,polymarket_us_mlb_hitter_hits_1plus_v1_frozen_v1,polymarket_us,947298,astatc-mlb-min-laa-2026-09-19-hits-ryajef-gte1,823976.0,Ryan Jeffers,True,2026-09-20T01:27:04Z,2026-09-20T01:27:04Z,2026-09-20T01:27:04Z,us_taker_theta_0.0695_2026-09-17,pass,inside_entry_cutoff_window_or_after_start|quote_age_seconds:511>max:30|lineup_availability_unknown,1.0,walk_asks,0,0,0.01,0.0,1.0,,0.0,0.0,[],same_time_market_mid_baseline,0.585,0.585,,hit_prop_research,True,680777.0,hits,1,Ryan Jeffers,2f08c06d052b3115,regular_season,2026-09-19,511.0,unknown,"[""inside_entry_cutoff_window_or_after_start"", ""quote_age_seconds:511>max:30"", ""lineup_availability_unknown""]",entry_timing,astatc-mlb-min-laa-2026-09-19-hits-ryajef-gte1,hp_20260920T011830Z,True,prospective
f7ebf017a331aadf11fbb117,polymarket_us_mlb_hitter_hits_1plus_v1_frozen_v1,polymarket_us,956524,astatc-mlb-min-laa-2026-09-19-hits-ryakre-gte1,823976.0,Ryan Kreidler,True,2026-09-20T01:27:04Z,2026-09-20T01:27:04Z,2026-09-20T01:27:04Z,us_taker_theta_0.0695_2026-09-17,pass,inside_entry_cutoff_window_or_after_start|quote_age_seconds:511>max:30|lineup_availability_unknown,1.0,walk_asks,0,0,0.01,0.0,1.0,,0.0,0.0,[],same_time_market_mid_baseline,0.49,0.49,,hit_prop_research,True,668952.0,hits,1,Ryan Kreidler,2f08c06d052b3115,regular_season,2026-09-19,511.0,unknown,"[""inside_entry_cutoff_window_or_after_start"", ""quote_age_seconds:511>max:30"", ""lineup_availability_unknown""]",entry_timing,astatc-mlb-min-laa-2026-09-19-hits-ryakre-gte1,hp_20260920T011830Z,True,prospective
40831e7181ee07ed2ec2d91c,polymarket_us_mlb_hitter_hits_1plus_v1_frozen_v1,polymarket_us,956111,astatc-mlb-min-laa-2026-09-19-hits-tylhei-gte1,823976.0,Tyler Heineman,True,2026-09-20T01:27:04Z,2026-09-20T01:27:04Z,2026-09-20T01:27:04Z,us_taker_theta_0.0695_2026-09-17,pass,inside_entry_cutoff_window_or_after_start|quote_age_seconds:511>max:30|lineup_availability_unknown,1.0,walk_asks,0,0,0.01,0.0,1.0,,0.0,0.0,[],same_time_market_mid_baseline,0.495,0.495,,hit_prop_research,True,623168.0,hits,1,Tyler Heineman,2f08c06d052b3115,regular_season,2026-09-19,511.0,unknown,"[""inside_entry_cutoff_window_or_after_start"", ""quote_age_seconds:511>max:30"", ""lineup_availability_unknown""]",entry_timing,astatc-mlb-min-laa-2026-09-19-hits-tylhei-gte1,hp_20260920T011830Z,True,prospective
4f42fb5b388bab3d89b9c8ce,polymarket_us_mlb_hitter_hits_1plus_v1_frozen_v1,polymarket_us,947292,astatc-mlb-min-laa-2026-09-19-hits-vaugri-gte1,823976.0,Vaughn Grissom,True,2026-09-20T01:27:04Z,2026-09-20T01:27:04Z,2026-09-20T01:27:04Z,us_taker_theta_0.0695_2026-09-17,pass,inside_entry_cutoff_window_or_after_start|quote_age_seconds:511>max:30|lineup_availability_unknown,1.0,walk_asks,0,0,0.01,0.0,1.0,,0.0,0.0,[],same_time_market_mid_baseline,0.5900000000000001,0.5900000000000001,,hit_prop_research,True,687093.0,hits,1,Vaughn Grissom,2f08c06d052b3115,regular_season,2026-09-19,511.0,unknown,"[""inside_entry_cutoff_window_or_after_start"", ""quote_age_seconds:511>max:30"", ""lineup_availability_unknown""]",entry_timing,astatc-mlb-min-laa-2026-09-19-hits-vaugri-gte1,hp_20260920T011830Z,True,prospective
008fc03e2cc471ce7511aa9a,polymarket_us_mlb_hitter_hits_1plus_v1_frozen_v1,polymarket_us,956518,astatc-mlb-min-laa-2026-09-19-hits-viccar-gte1,823976.0,Victor Caratini,True,2026-09-20T01:27:04Z,2026-09-20T01:27:04Z,2026-09-20T01:27:04Z,us_taker_theta_0.0695_2026-09-17,pass,inside_entry_cutoff_window_or_after_start|quote_age_seconds:510>max:30|lineup_availability_unknown,1.0,walk_asks,0,0,0.01,0.0,1.0,,0.0,0.0,[],same_time_market_mid_baseline,0.52,0.52,,hit_prop_research,True,605170.0,hits,1,Victor Caratini,2f08c06d052b3115,regular_season,2026-09-19,510.0,unknown,"[""inside_entry_cutoff_window_or_after_start"", ""quote_age_seconds:510>max:30"", ""lineup_availability_unknown""]",entry_timing,astatc-mlb-min-laa-2026-09-19-hits-viccar-gte1,hp_20260920T011830Z,True,prospective
32147fc2db8fafc4696327a5,polymarket_us_mlb_hitter_hits_1plus_v1_frozen_v1,polymarket_us,948016,astatc-mlb-min-laa-2026-09-19-hits-wadmec-gte1,823976.0,Wade Meckler,True,2026-09-20T01:27:04Z,2026-09-20T01:27:04Z,2026-09-20T01:27:04Z,us_taker_theta_0.0695_2026-09-17,pass,inside_entry_cutoff_window_or_after_start|quote_age_seconds:510>max:30|lineup_availability_unknown,1.0,walk_asks,0,0,0.01,0.0,1.0,,0.0,0.0,[],same_time_market_mid_baseline,0.5900000000000001,0.5900000000000001,,hit_prop_research,True,685133.0,hits,1,Wade Meckler,2f08c06d052b3115,regular_season,2026-09-19,510.0,unknown,"[""inside_entry_cutoff_window_or_after_start"", ""quote_age_seconds:510>max:30"", ""lineup_availability_unknown""]",entry_timing,astatc-mlb-min-laa-2026-09-19-hits-wadmec-gte1,hp_20260920T011830Z,True,prospective
e3d7ed6723a40f8925bc0a89,polymarket_us_mlb_hitter_hits_1plus_v1_frozen_v1,polymarket_us,956521,astatc-mlb-min-laa-2026-09-19-hits-waljen-gte1,823976.0,Walker Jenkins,True,2026-09-20T01:27:04Z,2026-09-20T01:27:04Z,2026-09-20T01:27:04Z,us_taker_theta_0.0695_2026-09-17,pass,inside_entry_cutoff_window_or_after_start|quote_age_seconds:510>max:30|lineup_availability_unknown,1.0,walk_asks,0,0,0.01,0.0,1.0,,0.0,0.0,[],same_time_market_mid_baseline,0.505,0.505,,hit_prop_research,True,805805.0,hits,1,Walker Jenkins,2f08c06d052b3115,regular_season,2026-09-19,510.0,unknown,"[""inside_entry_cutoff_window_or_after_start"", ""quote_age_seconds:510>max:30"", ""lineup_availability_unknown""]",entry_timing,astatc-mlb-min-laa-2026-09-19-hits-waljen-gte1,hp_20260920T011830Z,True,prospective
a783c9070046f20a3dd5290f,polymarket_us_mlb_hitter_hits_1plus_v1_frozen_v1,polymarket_us,947295,astatc-mlb-min-laa-2026-09-19-hits-zacnet-gte1,823976.0,Zach Neto,True,2026-09-20T01:27:04Z,2026-09-20T01:27:04Z,2026-09-20T01:27:04Z,us_taker_theta_0.0695_2026-09-17,pass,inside_entry_cutoff_window_or_after_start|quote_age_seconds:510>max:30|lineup_availability_unknown,1.0,walk_asks,0,0,0.01,0.0,1.0,,0.0,0.0,[],same_time_market_mid_baseline,0.5800000000000001,0.5800000000000001,,hit_prop_research,True,687263.0,hits,1,Zach Neto,2f08c06d052b3115,regular_season,2026-09-19,510.0,unknown,"[""inside_entry_cutoff_window_or_after_start"", ""quote_age_seconds:510>max:30"", ""lineup_availability_unknown""]",entry_timing,astatc-mlb-min-laa-2026-09-19-hits-zacnet-gte1,hp_20260920T011830Z,True,prospective
d727c3f721d1c239a9c8dcf1,polymarket_us_mlb_hitter_hits_1plus_v1_frozen_v1,polymarket_us,1141110,astatc-mlb-cws-hou-2026-09-30-hits-andben-gte1,849846.0,Andrew Benintendi,True,2026-09-30T19:57:24Z,2026-09-30T19:57:24Z,2026-09-30T19:57:24Z,us_taker_theta_0.0695_2026-09-17,pass,quote_age_seconds:36>max:30|lineup_availability_unknown,1.0,walk_asks,0,0,0.01,0.0,1.0,,0.0,0.0,[],same_time_market_mid_baseline,0.535,0.535,,hit_prop_research,True,643217.0,hits,1,Andrew Benintendi,2f08c06d052b3115,regular_season,2026-09-30,36.0,unknown,"[""quote_age_seconds:36>max:30"", ""lineup_availability_unknown""]",stale_quote,astatc-mlb-cws-hou-2026-09-30-hits-andben-gte1,hp_20260930T195647Z,True,prospective
1a6d7f237f5db1b816d55e00,polymarket_us_mlb_hitter_hits_1plus_v1_frozen_v1,polymarket_us,1146484,astatc-mlb-cws-hou-2026-09-30-hits-bradmon-gte1,849846.0,Braden Montgomery,True,2026-09-30T19:57:24Z,2026-09-30T19:57:24Z,2026-09-30T19:57:24Z,us_taker_theta_0.0695_2026-09-17,pass,quote_age_seconds:36>max:30|lineup_availability_unknown,1.0,walk_asks,0,0,0.01,0.0,1.0,,0.0,0.0,[],same_time_market_mid_baseline,0.555,0.555,,hit_prop_research,True,695731.0,hits,1,Braden Montgomery,2f08c06d052b3115,regular_season,2026-09-30,36.0,unknown,"[""quote_age_seconds:36>max:30"", ""lineup_availability_unknown""]",stale_quote,astatc-mlb-cws-hou-2026-09-30-hits-bradmon-gte1,hp_20260930T195647Z,True,prospective
2bfa043e5a7f10e2a964df9c,polymarket_us_mlb_hitter_hits_1plus_v1_frozen_v1,polymarket_us,1146479,astatc-mlb-cws-hou-2026-09-30-hits-chamei-gte1,849846.0,Chase Meidroth,True,2026-09-30T19:57:24Z,2026-09-30T19:57:24Z,2026-09-30T19:57:24Z,us_taker_theta_0.0695_2026-09-17,pass,quote_age_seconds:35>max:30|lineup_availability_unknown,1.0,walk_asks,0,0,0.01,0.0,1.0,,0.0,0.0,[],same_time_market_mid_baseline,0.575,0.575,,hit_prop_research,True,805367.0,hits,1,Chase Meidroth,2f08c06d052b3115,regular_season,2026-09-30,35.0,unknown,"[""quote_age_seconds:35>max:30"", ""lineup_availability_unknown""]",stale_quote,astatc-mlb-cws-hou-2026-09-30-hits-chamei-gte1,hp_20260930T195647Z,True,prospective
bb2b5404be0f5a6b36ba45b7,polymarket_us_mlb_hitter_hits_1plus_v1_frozen_v1,polymarket_us,1141590,astatc-mlb-cws-hou-2026-09-30-hits-chrwal-gte1,849846.0,Christian Walker,True,2026-09-30T19:57:24Z,2026-09-30T19:57:24Z,2026-09-30T19:57:24Z,us_taker_theta_0.0695_2026-09-17,pass,quote_age_seconds:35>max:30|lineup_availability_unknown,1.0,walk_asks,0,0,0.01,0.0,1.0,,0.0,0.0,[],same_time_market_mid_baseline,0.585,0.585,,hit_prop_research,True,572233.0,hits,1,Christian Walker,2f08c06d052b3115,regular_season,2026-09-30,35.0,unknown,"[""quote_age_seconds:35>max:30"", ""lineup_availability_unknown""]",stale_quote,astatc-mlb-cws-hou-2026-09-30-hits-chrwal-gte1,hp_20260930T195647Z,True,prospective
7f21a8adf8ac46a7b018a200,polymarket_us_mlb_hitter_hits_1plus_v1_frozen_v1,polymarket_us,1146494,astatc-mlb-cws-hou-2026-09-30-hits-colmon-gte1,849846.0,Colson Montgomery,True,2026-09-30T19:57:24Z,2026-09-30T19:57:24Z,2026-09-30T19:57:24Z,us_taker_theta_0.0695_2026-09-17,pass,quote_age_seconds:35>max:30|lineup_availability_unknown,1.0,walk_asks,0,0,0.01,0.0,1.0,,0.0,0.0,[],same_time_market_mid_baseline,0.4249999999999999,0.4249999999999999,,hit_prop_research,True,695657.0,hits,1,Colson Montgomery,2f08c06d052b3115,regular_season,2026-09-30,35.0,unknown,"[""quote_age_seconds:35>max:30"", ""lineup_availability_unknown""]",stale_quote,astatc-mlb-cws-hou-2026-09-30-hits-colmon-gte1,hp_20260930T195647Z,True,prospective
bbd079488658b56f2a1d7159,polymarket_us_mlb_hitter_hits_1plus_v1_frozen_v1,polymarket_us,1141587,astatc-mlb-cws-hou-2026-09-30-hits-isapar-gte1,849846.0,Isaac Paredes,True,2026-09-30T19:57:24Z,2026-09-30T19:57:24Z,2026-09-30T19:57:24Z,us_taker_theta_0.0695_2026-09-17,pass,quote_age_seconds:35>max:30|lineup_availability_unknown,1.0,walk_asks,0,0,0.01,0.0,1.0,,0.0,0.0,[],same_time_market_mid_baseline,0.595,0.595,,hit_prop_research,True,670623.0,hits,1,Isaac Paredes,2f08c06d052b3115,regular_season,2026-09-30,35.0,unknown,"[""quote_age_seconds:35>max:30"", ""lineup_availability_unknown""]",stale_quote,astatc-mlb-cws-hou-2026-09-30-hits-isapar-gte1,hp_20260930T195647Z,True,prospective
9be4506147845e4252c541c1,polymarket_us_mlb_hitter_hits_1plus_v1_frozen_v1,polymarket_us,1141578,astatc-mlb-cws-hou-2026-09-30-hits-jerpen-gte1,849846.0,Jeremy Peña,True,2026-09-30T19:57:24Z,2026-09-30T19:57:24Z,2026-09-30T19:57:24Z,us_taker_theta_0.0695_2026-09-17,pass,quote_age_seconds:35>max:30|lineup_availability_unknown,1.0,walk_asks,0,0,0.01,0.0,1.0,,0.0,0.0,[],same_time_market_mid_baseline,0.675,0.675,,hit_prop_research,True,665161.0,hits,1,Jeremy Peña,2f08c06d052b3115,regular_season,2026-09-30,35.0,unknown,"[""quote_age_seconds:35>max:30"", ""lineup_availability_unknown""]",stale_quote,astatc-mlb-cws-hou-2026-09-30-hits-jerpen-gte1,hp_20260930T195647Z,True,prospective
c089e7706ae5f0d8db06935e,polymarket_us_mlb_hitter_hits_1plus_v1_frozen_v1,polymarket_us,1141584,astatc-mlb-cws-hou-2026-09-30-hits-josalt-gte1,849846.0,Jose Altuve,True,2026-09-30T19:57:24Z,2026-09-30T19:57:24Z,2026-09-30T19:57:24Z,us_taker_theta_0.0695_2026-09-17,pass,quote_age_seconds:35>max:30|lineup_availability_unknown,1.0,walk_asks,0,0,0.01,0.0,1.0,,0.0,0.0,[],same_time_market_mid_baseline,0.625,0.625,,hit_prop_research,True,514888.0,hits,1,Jose Altuve,2f08c06d052b3115,regular_season,2026-09-30,35.0,unknown,"[""quote_age_seconds:35>max:30"", ""lineup_availability_unknown""]",stale_quote,astatc-mlb-cws-hou-2026-09-30-hits-josalt-gte1,hp_20260930T195647Z,True,prospective
c322efbc288e1908391229a8,polymarket_us_mlb_hitter_hits_1plus_v1_frozen_v1,polymarket_us,1141113,astatc-mlb-cws-hou-2026-09-30-hits-kyltee-gte1,849846.0,Kyle Teel,True,2026-09-30T19:57:24Z,2026-09-30T19:57:24Z,2026-09-30T19:57:24Z,us_taker_theta_0.0695_2026-09-17,pass,quote_age_seconds:35>max:30|lineup_availability_unknown,1.0,walk_asks,0,0,0.01,0.0,1.0,,0.0,0.0,[],same_time_market_mid_baseline,0.515,0.515,,hit_prop_research,True,691019.0,hits,1,Kyle Teel,2f08c06d052b3115,regular_season,2026-09-30,35.0,unknown,"[""quote_age_seconds:35>max:30"", ""lineup_availability_unknown""]",stale_quote,astatc-mlb-cws-hou-2026-09-30-hits-kyltee-gte1,hp_20260930T195647Z,True,prospective
d464a2dc85ef6cf78b873158,polymarket_us_mlb_hitter_hits_1plus_v1_frozen_v1,polymarket_us,1141107,astatc-mlb-cws-hou-2026-09-30-hits-migvar-gte1,849846.0,Miguel Vargas,True,2026-09-30T19:57:24Z,2026-09-30T19:57:24Z,2026-09-30T19:57:24Z,us_taker_theta_0.0695_2026-09-17,pass,quote_age_seconds:34>max:30|lineup_availability_unknown,1.0,walk_asks,0,0,0.01,0.0,1.0,,0.0,0.0,[],same_time_market_mid_baseline,0.585,0.585,,hit_prop_research,True,678246.0,hits,1,Miguel Vargas,2f08c06d052b3115,regular_season,2026-09-30,34.0,unknown,"[""quote_age_seconds:34>max:30"", ""lineup_availability_unknown""]",stale_quote,astatc-mlb-cws-hou-2026-09-30-hits-migvar-gte1,hp_20260930T195647Z,True,prospective
6b3d365c8fdd9365fa3f8f92,polymarket_us_mlb_hitter_hits_1plus_v1_frozen_v1,polymarket_us,1141119,astatc-mlb-cws-hou-2026-09-30-hits-munmur-gte1,849846.0,Munetaka Murakami,True,2026-09-30T19:57:24Z,2026-09-30T19:57:24Z,2026-09-30T19:57:24Z,us_taker_theta_0.0695_2026-09-17,pass,quote_age_seconds:34>max:30|lineup_availability_unknown,1.0,walk_asks,0,0,0.01,0.0,1.0,,0.0,0.0,[],same_time_market_mid_baseline,0.505,0.505,,hit_prop_research,True,808959.0,hits,1,Munetaka Murakami,2f08c06d052b3115,regular_season,2026-09-30,34.0,unknown,"[""quote_age_seconds:34>max:30"", ""lineup_availability_unknown""]",stale_quote,astatc-mlb-cws-hou-2026-09-30-hits-munmur-gte1,hp_20260930T195647Z,True,prospective
b8f5a5eb3031685744ba2f65,polymarket_us_mlb_hitter_hits_1plus_v1_frozen_v1,polymarket_us,1141104,astatc-mlb-cws-hou-2026-09-30-hits-samant-gte1,849846.0,Sam Antonacci,True,2026-09-30T19:57:24Z,2026-09-30T19:57:24Z,2026-09-30T19:57:24Z,us_taker_theta_0.0695_2026-09-17,pass,quote_age_seconds:34>max:30|lineup_availability_unknown,1.0,walk_asks,0,0,0.01,0.0,1.0,,0.0,0.0,[],same_time_market_mid_baseline,0.635,0.635,,hit_prop_research,True,803011.0,hits,1,Sam Antonacci,2f08c06d052b3115,regular_season,2026-09-30,34.0,unknown,"[""quote_age_seconds:34>max:30"", ""lineup_availability_unknown""]",stale_quote,astatc-mlb-cws-hou-2026-09-30-hits-samant-gte1,hp_20260930T195647Z,True,prospective
83ec749ac735f9e757f5acc0,polymarket_us_mlb_hitter_hits_1plus_v1_frozen_v1,polymarket_us,1141790,astatc-mlb-cws-hou-2026-09-30-hits-taytra-gte1,849846.0,Taylor Trammell,True,2026-09-30T19:57:24Z,2026-09-30T19:57:24Z,2026-09-30T19:57:24Z,us_taker_theta_0.0695_2026-09-17,pass,quote_age_seconds:34>max:30|lineup_availability_unknown,1.0,walk_asks,0,0,0.01,0.0,1.0,,0.0,0.0,[],same_time_market_mid_baseline,0.395,0.395,,hit_prop_research,True,666211.0,hits,1,Taylor Trammell,2f08c06d052b3115,regular_season,2026-09-30,34.0,unknown,"[""quote_age_seconds:34>max:30"", ""lineup_availability_unknown""]",stale_quote,astatc-mlb-cws-hou-2026-09-30-hits-taytra-gte1,hp_20260930T195647Z,True,prospective
9235a144828365d8e8bd5422,polymarket_us_mlb_hitter_hits_1plus_v1_frozen_v1,polymarket_us,1141116,astatc-mlb-cws-hou-2026-09-30-hits-tripet-gte1,849846.0,Tristan Peters,True,2026-09-30T19:57:24Z,2026-09-30T19:57:24Z,2026-09-30T19:57:24Z,us_taker_theta_0.0695_2026-09-17,pass,quote_age_seconds:34>max:30|lineup_availability_unknown,1.0,walk_asks,0,0,0.01,0.0,1.0,,0.0,0.0,[],same_time_market_mid_baseline,0.535,0.535,,hit_prop_research,True,671976.0,hits,1,Tristan Peters,2f08c06d052b3115,regular_season,2026-09-30,34.0,unknown,"[""quote_age_seconds:34>max:30"", ""lineup_availability_unknown""]",stale_quote,astatc-mlb-cws-hou-2026-09-30-hits-tripet-gte1,hp_20260930T195647Z,True,prospective
798c8bf20a336fde94f26510,polymarket_us_mlb_hitter_hits_1plus_v1_frozen_v1,polymarket_us,1141581,astatc-mlb-cws-hou-2026-09-30-hits-yoralv-gte1,849846.0,Yordan Alvarez,True,2026-09-30T19:57:24Z,2026-09-30T19:57:24Z,2026-09-30T19:57:24Z,us_taker_theta_0.0695_2026-09-17,pass,quote_age_seconds:34>max:30|lineup_availability_unknown,1.0,walk_asks,0,0,0.01,0.0,1.0,,0.0,0.0,[],same_time_market_mid_baseline,0.665,0.665,,hit_prop_research,True,670541.0,hits,1,Yordan Alvarez,2f08c06d052b3115,regular_season,2026-09-30,34.0,unknown,"[""quote_age_seconds:34>max:30"", ""lineup_availability_unknown""]",stale_quote,astatc-mlb-cws-hou-2026-09-30-hits-yoralv-gte1,hp_20260930T195647Z,True,prospective
6673008ba11ab51540d9b628,polymarket_us_mlb_hitter_hits_1plus_v1_frozen_v1,polymarket_us,1142441,astatc-mlb-bos-nyy-2026-09-30-hits-adlrut-gte1,849848.0,Adley Rutschman,True,2026-09-30T19:57:24Z,2026-09-30T19:57:24Z,2026-09-30T19:57:24Z,us_taker_theta_0.0695_2026-09-17,pass,quote_age_seconds:33>max:30|lineup_availability_unknown,1.0,walk_asks,0,0,0.01,0.0,1.0,,0.0,0.0,[],same_time_market_mid_baseline,0.595,0.595,,hit_prop_research,True,668939.0,hits,1,Adley Rutschman,2f08c06d052b3115,regular_season,2026-09-30,33.0,unknown,"[""quote_age_seconds:33>max:30"", ""lineup_availability_unknown""]",stale_quote,astatc-mlb-bos-nyy-2026-09-30-hits-adlrut-gte1,hp_20260930T195647Z,True,prospective
d283fd1ce3c5f3d0348a910a,polymarket_us_mlb_hitter_hits_1plus_v1_frozen_v1,polymarket_us,1148953,astatc-mlb-bos-nyy-2026-09-30-hits-auswel-gte1,849848.0,Austin Wells,True,2026-09-30T19:57:24Z,2026-09-30T19:57:24Z,2026-09-30T19:57:24Z,us_taker_theta_0.0695_2026-09-17,pass,quote_age_seconds:33>max:30|lineup_availability_unknown,1.0,walk_asks,0,0,0.01,0.0,1.0,,0.0,0.0,[],same_time_market_mid_baseline,0.4549999999999999,0.4549999999999999,,hit_prop_research,True,669224.0,hits,1,Austin Wells,2f08c06d052b3115,regular_season,2026-09-30,33.0,unknown,"[""quote_age_seconds:33>max:30"", ""lineup_availability_unknown""]",stale_quote,astatc-mlb-bos-nyy-2026-09-30-hits-auswel-gte1,hp_20260930T195647Z,True,prospective
1a9d8d089d7e953508580a9c,polymarket_us_mlb_hitter_hits_1plus_v1_frozen_v1,polymarket_us,1142436,astatc-mlb-bos-nyy-2026-09-30-hits-benric-gte1,849848.0,Ben Rice,True,2026-09-30T19:57:24Z,2026-09-30T19:57:24Z,2026-09-30T19:57:24Z,us_taker_theta_0.0695_2026-09-17,pass,quote_age_seconds:33>max:30|lineup_availability_unknown,1.0,walk_asks,0,0,0.01,0.0,1.0,,0.0,0.0,[],same_time_market_mid_baseline,0.635,0.635,,hit_prop_research,True,700250.0,hits,1,Ben Rice,2f08c06d052b3115,regular_season,2026-09-30,33.0,unknown,"[""quote_age_seconds:33>max:30"", ""lineup_availability_unknown""]",stale_quote,astatc-mlb-bos-nyy-2026-09-30-hits-benric-gte1,hp_20260930T195647Z,True,prospective
4be8a3c669c1a4bab15e497e,polymarket_us_mlb_hitter_hits_1plus_v1_frozen_v1,polymarket_us,1149365,astatc-mlb-bos-nyy-2026-09-30-hits-caldur-gte1,849848.0,Caleb Durbin,True,2026-09-30T19:57:24Z,2026-09-30T19:57:24Z,2026-09-30T19:57:24Z,us_taker_theta_0.0695_2026-09-17,pass,quote_age_seconds:33>max:30|lineup_availability_unknown,1.0,walk_asks,0,0,0.01,0.0,1.0,,0.0,0.0,[],same_time_market_mid_baseline,0.575,0.575,,hit_prop_research,True,702332.0,hits,1,Caleb Durbin,2f08c06d052b3115,regular_season,2026-09-30,33.0,unknown,"[""quote_age_seconds:33>max:30"", ""lineup_availability_unknown""]",stale_quote,astatc-mlb-bos-nyy-2026-09-30-hits-caldur-gte1,hp_20260930T195647Z,True,prospective
60348053f8d0110fe6716b29,polymarket_us_mlb_hitter_hits_1plus_v1_frozen_v1,polymarket_us,1142457,astatc-mlb-bos-nyy-2026-09-30-hits-cedraf-gte1,849848.0,Ceddanne Rafaela,True,2026-09-30T19:57:24Z,2026-09-30T19:57:24Z,2026-09-30T19:57:24Z,us_taker_theta_0.0695_2026-09-17,pass,quote_age_seconds:33>max:30|lineup_availability_unknown,1.0,walk_asks,0,0,0.01,0.0,1.0,,0.0,0.0,[],same_time_market_mid_baseline,0.595,0.595,,hit_prop_research,True,678882.0,hits,1,Ceddanne Rafaela,2f08c06d052b3115,regular_season,2026-09-30,33.0,unknown,"[""quote_age_seconds:33>max:30"", ""lineup_availability_unknown""]",stale_quote,astatc-mlb-bos-nyy-2026-09-30-hits-cedraf-gte1,hp_20260930T195647Z,True,prospective
09daf4f39b74b18acfc5a2ae,polymarket_us_mlb_hitter_hits_1plus_v1_frozen_v1,polymarket_us,1142448,astatc-mlb-bos-nyy-2026-09-30-hits-codbel-gte1,849848.0,Cody Bellinger,True,2026-09-30T19:57:24Z,2026-09-30T19:57:24Z,2026-09-30T19:57:24Z,us_taker_theta_0.0695_2026-09-17,pass,quote_age_seconds:33>max:30|lineup_availability_unknown,1.0,walk_asks,0,0,0.01,0.0,1.0,,0.0,0.0,[],same_time_market_mid_baseline,0.615,0.615,,hit_prop_research,True,641355.0,hits,1,Cody Bellinger,2f08c06d052b3115,regular_season,2026-09-30,33.0,unknown,"[""quote_age_seconds:33>max:30"", ""lineup_availability_unknown""]",stale_quote,astatc-mlb-bos-nyy-2026-09-30-hits-codbel-gte1,hp_20260930T195647Z,True,prospective
cf71db0e47888f5fb19748d9,polymarket_us_mlb_hitter_hits_1plus_v1_frozen_v1,polymarket_us,1148947,astatc-mlb-bos-nyy-2026-09-30-hits-geolom-gte1,849848.0,George Lombard Jr.,True,2026-09-30T19:57:24Z,2026-09-30T19:57:24Z,2026-09-30T19:57:24Z,us_taker_theta_0.0695_2026-09-17,pass,quote_age_seconds:32>max:30|lineup_availability_unknown,1.0,walk_asks,0,0,0.01,0.0,1.0,,0.0,0.0,[],same_time_market_mid_baseline,0.595,0.595,,hit_prop_research,True,806146.0,hits,1,George Lombard Jr.,2f08c06d052b3115,regular_season,2026-09-30,32.0,unknown,"[""quote_age_seconds:32>max:30"", ""lineup_availability_unknown""]",stale_quote,astatc-mlb-bos-nyy-2026-09-30-hits-geolom-gte1,hp_20260930T195647Z,True,prospective
40bc4a8207d9db8df7d09016,polymarket_us_mlb_hitter_hits_1plus_v1_frozen_v1,polymarket_us,1142481,astatc-mlb-bos-nyy-2026-09-30-hits-jahjon-gte1,849848.0,Jahmai Jones,True,2026-09-30T19:57:24Z,2026-09-30T19:57:24Z,2026-09-30T19:57:24Z,us_taker_theta_0.0695_2026-09-17,pass,quote_age_seconds:32>max:30|lineup_availability_unknown,1.0,walk_asks,0,0,0.01,0.0,1.0,,0.0,0.0,[],same_time_market_mid_baseline,0.515,0.515,,hit_prop_research,True,663330.0,hits,1,Jahmai Jones,2f08c06d052b3115,regular_season,2026-09-30,32.0,unknown,"[""quote_age_seconds:32>max:30"", ""lineup_availability_unknown""]",stale_quote,astatc-mlb-bos-nyy-2026-09-30-hits-jahjon-gte1,hp_20260930T195647Z,True,prospective
baf25af4ed70a1e75b01aac6,polymarket_us_mlb_hitter_hits_1plus_v1_frozen_v1,polymarket_us,1142475,astatc-mlb-bos-nyy-2026-09-30-hits-jazchi-gte1,849848.0,Jazz Chisholm Jr.,True,2026-09-30T19:57:24Z,2026-09-30T19:57:24Z,2026-09-30T19:57:24Z,us_taker_theta_0.0695_2026-09-17,pass,quote_age_seconds:32>max:30|lineup_availability_unknown,1.0,walk_asks,0,0,0.01,0.0,1.0,,0.0,0.0,[],same_time_market_mid_baseline,0.535,0.535,,hit_prop_research,True,665862.0,hits,1,Jazz Chisholm Jr.,2f08c06d052b3115,regular_season,2026-09-30,32.0,unknown,"[""quote_age_seconds:32>max:30"", ""lineup_availability_unknown""]",stale_quote,astatc-mlb-bos-nyy-2026-09-30-hits-jazchi-gte1,hp_20260930T195647Z,True,prospective
4b2f4b671a74f2512805857a,polymarket_us_mlb_hitter_hits_1plus_v1_frozen_v1,polymarket_us,1142431,astatc-mlb-bos-nyy-2026-09-30-hits-luigar2-gte1,849848.0,Luis García Jr.,True,2026-09-30T19:57:24Z,2026-09-30T19:57:24Z,2026-09-30T19:57:24Z,us_taker_theta_0.0695_2026-09-17,pass,quote_age_seconds:32>max:30|lineup_availability_unknown,1.0,walk_asks,0,0,0.01,0.0,1.0,,0.0,0.0,[],same_time_market_mid_baseline,0.635,0.635,,hit_prop_research,True,671277.0,hits,1,Luis García Jr.,2f08c06d052b3115,regular_season,2026-09-30,32.0,unknown,"[""quote_age_seconds:32>max:30"", ""lineup_availability_unknown""]",stale_quote,astatc-mlb-bos-nyy-2026-09-30-hits-luigar2-gte1,hp_20260930T195647Z,True,prospective
3081630d0013b7cfb5e47ac0,polymarket_us_mlb_hitter_hits_1plus_v1_frozen_v1,polymarket_us,1149368,astatc-mlb-bos-nyy-2026-09-30-hits-nateat-gte1,849848.0,Nate Eaton,True,2026-09-30T19:57:24Z,2026-09-30T19:57:24Z,2026-09-30T19:57:24Z,us_taker_theta_0.0695_2026-09-17,pass,quote_age_seconds:32>max:30|lineup_availability_unknown,1.0,walk_asks,0,0,0.01,0.0,1.0,,0.0,0.0,[],same_time_market_mid_baseline,0.48,0.48,,hit_prop_research,True,681987.0,hits,1,Nate Eaton,2f08c06d052b3115,regular_season,2026-09-30,32.0,unknown,"[""quote_age_seconds:32>max:30"", ""lineup_availability_unknown""]",stale_quote,astatc-mlb-bos-nyy-2026-09-30-hits-nateat-gte1,hp_20260930T195647Z,True,prospective
8ac1a6c404c611ea367a80cf,polymarket_us_mlb_hitter_hits_1plus_v1_frozen_v1,polymarket_us,1149362,astatc-mlb-bos-nyy-2026-09-30-hits-nicsog-gte1,849848.0,Nick Sogard,True,2026-09-30T19:57:24Z,2026-09-30T19:57:24Z,2026-09-30T19:57:24Z,us_taker_theta_0.0695_2026-09-17,pass,quote_age_seconds:32>max:30|lineup_availability_unknown,1.0,walk_asks,0,0,0.01,0.0,1.0,,0.0,0.0,[],same_time_market_mid_baseline,0.5449999999999999,0.5449999999999999,,hit_prop_research,True,686765.0,hits,1,Nick Sogard,2f08c06d052b3115,regular_season,2026-09-30,32.0,unknown,"[""quote_age_seconds:32>max:30"", ""lineup_availability_unknown""]",stale_quote,astatc-mlb-bos-nyy-2026-09-30-hits-nicsog-gte1,hp_20260930T195647Z,True,prospective
41fc36c6488095aa36e3e2b5,polymarket_us_mlb_hitter_hits_1plus_v1_frozen_v1,polymarket_us,1148956,astatc-mlb-bos-nyy-2026-09-30-hits-ryamcm-gte1,849848.0,Ryan McMahon,True,2026-09-30T19:57:24Z,2026-09-30T19:57:24Z,2026-09-30T19:57:24Z,us_taker_theta_0.0695_2026-09-17,pass,quote_age_seconds:31>max:30|lineup_availability_unknown,1.0,walk_asks,0,0,0.01,0.0,1.0,,0.0,0.0,[],same_time_market_mid_baseline,0.4499999999999999,0.4499999999999999,,hit_prop_research,True,641857.0,hits,1,Ryan McMahon,2f08c06d052b3115,regular_season,2026-09-30,31.0,unknown,"[""quote_age_seconds:31>max:30"", ""lineup_availability_unknown""]",stale_quote,astatc-mlb-bos-nyy-2026-09-30-hits-ryamcm-gte1,hp_20260930T195647Z,True,prospective
7d82881013475a3e6ab7b6a8,polymarket_us_mlb_hitter_hits_1plus_v1_frozen_v1,polymarket_us,1142487,astatc-mlb-bos-nyy-2026-09-30-hits-spejon-gte1,849848.0,Spencer Jones,True,2026-09-30T19:57:24Z,2026-09-30T19:57:24Z,2026-09-30T19:57:24Z,us_taker_theta_0.0695_2026-09-17,pass,quote_age_seconds:31>max:30|lineup_availability_unknown,1.0,walk_asks,0,0,0.01,0.0,1.0,,0.0,0.0,[],same_time_market_mid_baseline,0.565,0.565,,hit_prop_research,True,682987.0,hits,1,Spencer Jones,2f08c06d052b3115,regular_season,2026-09-30,31.0,unknown,"[""quote_age_seconds:31>max:30"", ""lineup_availability_unknown""]",stale_quote,astatc-mlb-bos-nyy-2026-09-30-hits-spejon-gte1,hp_20260930T195647Z,True,prospective
81870ea55119f97295821ee9,polymarket_us_mlb_hitter_hits_1plus_v1_frozen_v1,polymarket_us,1148950,astatc-mlb-bos-nyy-2026-09-30-hits-tregri-gte1,849848.0,Trent Grisham,True,2026-09-30T19:57:24Z,2026-09-30T19:57:24Z,2026-09-30T19:57:24Z,us_taker_theta_0.0695_2026-09-17,pass,quote_age_seconds:31>max:30|lineup_availability_unknown,1.0,walk_asks,0,0,0.01,0.0,1.0,,0.0,0.0,[],same_time_market_mid_baseline,0.525,0.525,,hit_prop_research,True,663757.0,hits,1,Trent Grisham,2f08c06d052b3115,regular_season,2026-09-30,31.0,unknown,"[""quote_age_seconds:31>max:30"", ""lineup_availability_unknown""]",stale_quote,astatc-mlb-bos-nyy-2026-09-30-hits-tregri-gte1,hp_20260930T195647Z,True,prospective
c5a9c1bc6465a24ec33489cc,polymarket_us_mlb_hitter_hits_1plus_v1_frozen_v1,polymarket_us,1149359,astatc-mlb-bos-nyy-2026-09-30-hits-tresto-gte1,849848.0,Trevor Story,True,2026-09-30T19:57:24Z,2026-09-30T19:57:24Z,2026-09-30T19:57:24Z,us_taker_theta_0.0695_2026-09-17,pass,quote_age_seconds:31>max:30|lineup_availability_unknown,1.0,walk_asks,0,0,0.01,0.0,1.0,,0.0,0.0,[],same_time_market_mid_baseline,0.635,0.635,,hit_prop_research,True,596115.0,hits,1,Trevor Story,2f08c06d052b3115,regular_season,2026-09-30,31.0,unknown,"[""quote_age_seconds:31>max:30"", ""lineup_availability_unknown""]",stale_quote,astatc-mlb-bos-nyy-2026-09-30-hits-tresto-gte1,hp_20260930T195647Z,True,prospective
981b4961a484d53d22800da5,polymarket_us_mlb_hitter_hits_1plus_v1_frozen_v1,polymarket_us,1142464,astatc-mlb-bos-nyy-2026-09-30-hits-wilabr-gte1,849848.0,Wilyer Abreu,True,2026-09-30T19:57:24Z,2026-09-30T19:57:24Z,2026-09-30T19:57:24Z,us_taker_theta_0.0695_2026-09-17,pass,quote_age_seconds:31>max:30|lineup_availability_unknown,1.0,walk_asks,0,0,0.01,0.0,1.0,,0.0,0.0,[],same_time_market_mid_baseline,0.585,0.585,,hit_prop_research,True,677800.0,hits,1,Wilyer Abreu,2f08c06d052b3115,regular_season,2026-09-30,31.0,unknown,"[""quote_age_seconds:31>max:30"", ""lineup_availability_unknown""]",stale_quote,astatc-mlb-bos-nyy-2026-09-30-hits-wilabr-gte1,hp_20260930T195647Z,True,prospective
222cec26994b28575ac10a23,polymarket_us_mlb_hitter_hits_1plus_v1_frozen_v1,polymarket_us,1142468,astatc-mlb-bos-nyy-2026-09-30-hits-wilcon-gte1,849848.0,Willson Contreras,True,2026-09-30T19:57:24Z,2026-09-30T19:57:24Z,2026-09-30T19:57:24Z,us_taker_theta_0.0695_2026-09-17,pass,quote_age_seconds:31>max:30|lineup_availability_unknown,1.0,walk_asks,0,0,0.01,0.0,1.0,,0.0,0.0,[],same_time_market_mid_baseline,0.595,0.595,,hit_prop_research,True,575929.0,hits,1,Willson Contreras,2f08c06d052b3115,regular_season,2026-09-30,31.0,unknown,"[""quote_age_seconds:31>max:30"", ""lineup_availability_unknown""]",stale_quote,astatc-mlb-bos-nyy-2026-09-30-hits-wilcon-gte1,hp_20260930T195647Z,True,prospective
0323451ff7b1578457bc9d08,polymarket_us_mlb_hitter_hits_1plus_v1_frozen_v1,polymarket_us,1143037,astatc-mlb-chc-sd-2026-09-30-hits-alebre-gte1,849842.0,Alex Bregman,True,2026-09-30T19:57:24Z,2026-09-30T19:57:24Z,2026-09-30T19:57:24Z,us_taker_theta_0.0695_2026-09-17,pass,lineup_availability_unknown,1.0,walk_asks,0,0,0.01,0.0,1.0,,0.0,0.0,[],same_time_market_mid_baseline,0.615,0.615,,hit_prop_research,True,608324.0,hits,1,Alex Bregman,2f08c06d052b3115,regular_season,2026-09-30,30.0,unknown,"[""lineup_availability_unknown""]",lineup_unknown,astatc-mlb-chc-sd-2026-09-30-hits-alebre-gte1,hp_20260930T195647Z,True,prospective
f60f965745eeea30258cf98b,polymarket_us_mlb_hitter_hits_1plus_v1_frozen_v1,polymarket_us,1143880,astatc-mlb-chc-sd-2026-09-30-hits-fertat-gte1,849842.0,Fernando Tatis Jr.,True,2026-09-30T19:57:24Z,2026-09-30T19:57:24Z,2026-09-30T19:57:24Z,us_taker_theta_0.0695_2026-09-17,pass,lineup_availability_unknown,1.0,walk_asks,0,0,0.01,0.0,1.0,,0.0,0.0,[],same_time_market_mid_baseline,0.715,0.715,,hit_prop_research,True,665487.0,hits,1,Fernando Tatis Jr.,2f08c06d052b3115,regular_season,2026-09-30,30.0,unknown,"[""lineup_availability_unknown""]",lineup_unknown,astatc-mlb-chc-sd-2026-09-30-hits-fertat-gte1,hp_20260930T195647Z,True,prospective
ff5c6149e1ea4df6896e725c,polymarket_us_mlb_hitter_hits_1plus_v1_frozen_v1,polymarket_us,1143046,astatc-mlb-chc-sd-2026-09-30-hits-ianhap-gte1,849842.0,Ian Happ,True,2026-09-30T19:57:24Z,2026-09-30T19:57:24Z,2026-09-30T19:57:24Z,us_taker_theta_0.0695_2026-09-17,pass,lineup_availability_unknown,1.0,walk_asks,0,0,0.01,0.0,1.0,,0.0,0.0,[],same_time_market_mid_baseline,0.495,0.495,,hit_prop_research,True,664023.0,hits,1,Ian Happ,2f08c06d052b3115,regular_season,2026-09-30,30.0,unknown,"[""lineup_availability_unknown""]",lineup_unknown,astatc-mlb-chc-sd-2026-09-30-hits-ianhap-gte1,hp_20260930T195647Z,True,prospective
c736fc3274eef3079846e479,polymarket_us_mlb_hitter_hits_1plus_v1_frozen_v1,polymarket_us,1143883,astatc-mlb-chc-sd-2026-09-30-hits-jacmer-gte1,849842.0,Jackson Merrill,True,2026-09-30T19:57:24Z,2026-09-30T19:57:24Z,2026-09-30T19:57:24Z,us_taker_theta_0.0695_2026-09-17,pass,lineup_availability_unknown,1.0,walk_asks,0,0,0.01,0.0,1.0,,0.0,0.0,[],same_time_market_mid_baseline,0.655,0.655,,hit_prop_research,True,701538.0,hits,1,Jackson Merrill,2f08c06d052b3115,regular_season,2026-09-30,30.0,unknown,"[""lineup_availability_unknown""]",lineup_unknown,astatc-mlb-chc-sd-2026-09-30-hits-jacmer-gte1,hp_20260930T195647Z,True,prospective
bf949358661a933307c53b47,polymarket_us_mlb_hitter_hits_1plus_v1_frozen_v1,polymarket_us,1143889,astatc-mlb-chc-sd-2026-09-30-hits-jakcro-gte1,849842.0,Jake Cronenworth,True,2026-09-30T19:57:24Z,2026-09-30T19:57:24Z,2026-09-30T19:57:24Z,us_taker_theta_0.0695_2026-09-17,pass,lineup_availability_unknown,1.0,walk_asks,0,0,0.01,0.0,1.0,,0.0,0.0,[],same_time_market_mid_baseline,0.485,0.485,,hit_prop_research,True,630105.0,hits,1,Jake Cronenworth,2f08c06d052b3115,regular_season,2026-09-30,30.0,unknown,"[""lineup_availability_unknown""]",lineup_unknown,astatc-mlb-chc-sd-2026-09-30-hits-jakcro-gte1,hp_20260930T195647Z,True,prospective
580726d651a979ca6831c3e6,polymarket_us_mlb_hitter_hits_1plus_v1_frozen_v1,polymarket_us,1143886,astatc-mlb-chc-sd-2026-09-30-hits-manmac-gte1,849842.0,Manny Machado,True,2026-09-30T19:57:24Z,2026-09-30T19:57:24Z,2026-09-30T19:57:24Z,us_taker_theta_0.0695_2026-09-17,pass,lineup_availability_unknown,1.0,walk_asks,0,0,0.01,0.0,1.0,,0.0,0.0,[],same_time_market_mid_baseline,0.615,0.615,,hit_prop_research,True,592518.0,hits,1,Manny Machado,2f08c06d052b3115,regular_season,2026-09-30,29.0,unknown,"[""lineup_availability_unknown""]",lineup_unknown,astatc-mlb-chc-sd-2026-09-30-hits-manmac-gte1,hp_20260930T195647Z,True,prospective
8d2815b6f3688aa6fe736404,polymarket_us_mlb_hitter_hits_1plus_v1_frozen_v1,polymarket_us,1143043,astatc-mlb-chc-sd-2026-09-30-hits-micbus-gte1,849842.0,Michael Busch,True,2026-09-30T19:57:24Z,2026-09-30T19:57:24Z,2026-09-30T19:57:24Z,us_taker_theta_0.0695_2026-09-17,pass,lineup_availability_unknown,1.0,walk_asks,0,0,0.01,0.0,1.0,,0.0,0.0,[],same_time_market_mid_baseline,0.53,0.53,,hit_prop_research,True,683737.0,hits,1,Michael Busch,2f08c06d052b3115,regular_season,2026-09-30,29.0,unknown,"[""lineup_availability_unknown""]",lineup_unknown,astatc-mlb-chc-sd-2026-09-30-hits-micbus-gte1,hp_20260930T195647Z,True,prospective
ff924b2fdded3b2fdc0cd881,polymarket_us_mlb_hitter_hits_1plus_v1_frozen_v1,polymarket_us,1143031,astatc-mlb-chc-sd-2026-09-30-hits-nichoe-gte1,849842.0,Nico Hoerner,True,2026-09-30T19:57:24Z,2026-09-30T19:57:24Z,2026-09-30T19:57:24Z,us_taker_theta_0.0695_2026-09-17,pass,lineup_availability_unknown,1.0,walk_asks,0,0,0.01,0.0,1.0,,0.0,0.0,[],same_time_market_mid_baseline,0.605,0.605,,hit_prop_research,True,663538.0,hits,1,Nico Hoerner,2f08c06d052b3115,regular_season,2026-09-30,29.0,unknown,"[""lineup_availability_unknown""]",lineup_unknown,astatc-mlb-chc-sd-2026-09-30-hits-nichoe-gte1,hp_20260930T195647Z,True,prospective
ef0e2cb7dbccf783d06bddc7,polymarket_us_mlb_hitter_hits_1plus_v1_frozen_v1,polymarket_us,1143034,astatc-mlb-chc-sd-2026-09-30-hits-petarm-gte1,849842.0,Pete Crow-Armstrong,True,2026-09-30T19:57:24Z,2026-09-30T19:57:24Z,2026-09-30T19:57:24Z,us_taker_theta_0.0695_2026-09-17,pass,lineup_availability_unknown,1.0,walk_asks,0,0,0.01,0.0,1.0,,0.0,0.0,[],same_time_market_mid_baseline,0.615,0.615,,hit_prop_research,True,691718.0,hits,1,Pete Crow-Armstrong,2f08c06d052b3115,regular_season,2026-09-30,29.0,unknown,"[""lineup_availability_unknown""]",lineup_unknown,astatc-mlb-chc-sd-2026-09-30-hits-petarm-gte1,hp_20260930T195647Z,True,prospective
5c5a4526ad7d7ddbc7c257de,polymarket_us_mlb_hitter_hits_1plus_v1_frozen_v1,polymarket_us,1143040,astatc-mlb-chc-sd-2026-09-30-hits-seisuz-gte1,849842.0,Seiya Suzuki,True,2026-09-30T19:57:24Z,2026-09-30T19:57:24Z,2026-09-30T19:57:24Z,us_taker_theta_0.0695_2026-09-17,pass,lineup_availability_unknown,1.0,walk_asks,0,0,0.01,0.0,1.0,,0.0,0.0,[],same_time_market_mid_baseline,0.575,0.575,,hit_prop_research,True,673548.0,hits,1,Seiya Suzuki,2f08c06d052b3115,regular_season,2026-09-30,29.0,unknown,"[""lineup_availability_unknown""]",lineup_unknown,astatc-mlb-chc-sd-2026-09-30-hits-seisuz-gte1,hp_20260930T195647Z,True,prospective
f73ea38857993304e8b5b376,polymarket_us_mlb_hitter_hits_1plus_v1_frozen_v1,polymarket_us,1141110,astatc-mlb-cws-hou-2026-09-30-hits-andben-gte1,849846.0,Andrew Benintendi,True,2026-09-30T20:00:40Z,2026-09-30T20:00:40Z,2026-09-30T20:00:40Z,us_taker_theta_0.0695_2026-09-17,pass,lineup_availability_unknown,1.0,walk_asks,0,0,0.01,0.0,1.0,,0.0,0.0,[],same_time_market_mid_baseline,0.535,0.535,,hit_prop_research,True,643217.0,hits,1,Andrew Benintendi,2f08c06d052b3115,regular_season,2026-09-30,6.0,unknown,"[""lineup_availability_unknown""]",lineup_unknown,astatc-mlb-cws-hou-2026-09-30-hits-andben-gte1,hp_20260930T200033Z,True,prospective
0d82c4fedfc8f67d662f9803,polymarket_us_mlb_hitter_hits_1plus_v1_frozen_v1,polymarket_us,1146484,astatc-mlb-cws-hou-2026-09-30-hits-bradmon-gte1,849846.0,Braden Montgomery,True,2026-09-30T20:00:40Z,2026-09-30T20:00:40Z,2026-09-30T20:00:40Z,us_taker_theta_0.0695_2026-09-17,pass,lineup_availability_unknown,1.0,walk_asks,0,0,0.01,0.0,1.0,,0.0,0.0,[],same_time_market_mid_baseline,0.555,0.555,,hit_prop_research,True,695731.0,hits,1,Braden Montgomery,2f08c06d052b3115,regular_season,2026-09-30,6.0,unknown,"[""lineup_availability_unknown""]",lineup_unknown,astatc-mlb-cws-hou-2026-09-30-hits-bradmon-gte1,hp_20260930T200033Z,True,prospective
3f682533400ecf91a9c896a2,polymarket_us_mlb_hitter_hits_1plus_v1_frozen_v1,polymarket_us,1146479,astatc-mlb-cws-hou-2026-09-30-hits-chamei-gte1,849846.0,Chase Meidroth,True,2026-09-30T20:00:40Z,2026-09-30T20:00:40Z,2026-09-30T20:00:40Z,us_taker_theta_0.0695_2026-09-17,pass,lineup_availability_unknown,1.0,walk_asks,0,0,0.01,0.0,1.0,,0.0,0.0,[],same_time_market_mid_baseline,0.575,0.575,,hit_prop_research,True,805367.0,hits,1,Chase Meidroth,2f08c06d052b3115,regular_season,2026-09-30,6.0,unknown,"[""lineup_availability_unknown""]",lineup_unknown,astatc-mlb-cws-hou-2026-09-30-hits-chamei-gte1,hp_20260930T200033Z,True,prospective
c5c5eacb9e94112776b62a66,polymarket_us_mlb_hitter_hits_1plus_v1_frozen_v1,polymarket_us,1141590,astatc-mlb-cws-hou-2026-09-30-hits-chrwal-gte1,849846.0,Christian Walker,True,2026-09-30T20:00:40Z,2026-09-30T20:00:40Z,2026-09-30T20:00:40Z,us_taker_theta_0.0695_2026-09-17,pass,lineup_availability_unknown,1.0,walk_asks,0,0,0.01,0.0,1.0,,0.0,0.0,[],same_time_market_mid_baseline,0.585,0.585,,hit_prop_research,True,572233.0,hits,1,Christian Walker,2f08c06d052b3115,regular_season,2026-09-30,6.0,unknown,"[""lineup_availability_unknown""]",lineup_unknown,astatc-mlb-cws-hou-2026-09-30-hits-chrwal-gte1,hp_20260930T200033Z,True,prospective
1a3030c0fd6147cd8d389171,polymarket_us_mlb_hitter_hits_1plus_v1_frozen_v1,polymarket_us,1146494,astatc-mlb-cws-hou-2026-09-30-hits-colmon-gte1,849846.0,Colson Montgomery,True,2026-09-30T20:00:40Z,2026-09-30T20:00:40Z,2026-09-30T20:00:40Z,us_taker_theta_0.0695_2026-09-17,pass,lineup_availability_unknown,1.0,walk_asks,0,0,0.01,0.0,1.0,,0.0,0.0,[],same_time_market_mid_baseline,0.42499999999999993,0.42499999999999993,,hit_prop_research,True,695657.0,hits,1,Colson Montgomery,2f08c06d052b3115,regular_season,2026-09-30,6.0,unknown,"[""lineup_availability_unknown""]",lineup_unknown,astatc-mlb-cws-hou-2026-09-30-hits-colmon-gte1,hp_20260930T200033Z,True,prospective
044462f74a641ba09725b284,polymarket_us_mlb_hitter_hits_1plus_v1_frozen_v1,polymarket_us,1141587,astatc-mlb-cws-hou-2026-09-30-hits-isapar-gte1,849846.0,Isaac Paredes,True,2026-09-30T20:00:40Z,2026-09-30T20:00:40Z,2026-09-30T20:00:40Z,us_taker_theta_0.0695_2026-09-17,pass,lineup_availability_unknown,1.0,walk_asks,0,0,0.01,0.0,1.0,,0.0,0.0,[],same_time_market_mid_baseline,0.595,0.595,,hit_prop_research,True,670623.0,hits,1,Isaac Paredes,2f08c06d052b3115,regular_season,2026-09-30,6.0,unknown,"[""lineup_availability_unknown""]",lineup_unknown,astatc-mlb-cws-hou-2026-09-30-hits-isapar-gte1,hp_20260930T200033Z,True,prospective
691e91717d9938e1736f76e5,polymarket_us_mlb_hitter_hits_1plus_v1_frozen_v1,polymarket_us,1141578,astatc-mlb-cws-hou-2026-09-30-hits-jerpen-gte1,849846.0,Jeremy Peña,True,2026-09-30T20:00:40Z,2026-09-30T20:00:40Z,2026-09-30T20:00:40Z,us_taker_theta_0.0695_2026-09-17,pass,lineup_availability_unknown,1.0,walk_asks,0,0,0.01,0.0,1.0,,0.0,0.0,[],same_time_market_mid_baseline,0.675,0.675,,hit_prop_research,True,665161.0,hits,1,Jeremy Peña,2f08c06d052b3115,regular_season,2026-09-30,6.0,unknown,"[""lineup_availability_unknown""]",lineup_unknown,astatc-mlb-cws-hou-2026-09-30-hits-jerpen-gte1,hp_20260930T200033Z,True,prospective
c454cb5d62d7cfad5f092750,polymarket_us_mlb_hitter_hits_1plus_v1_frozen_v1,polymarket_us,1141584,astatc-mlb-cws-hou-2026-09-30-hits-josalt-gte1,849846.0,Jose Altuve,True,2026-09-30T20:00:40Z,2026-09-30T20:00:40Z,2026-09-30T20:00:40Z,us_taker_theta_0.0695_2026-09-17,pass,lineup_availability_unknown,1.0,walk_asks,0,0,0.01,0.0,1.0,,0.0,0.0,[],same_time_market_mid_baseline,0.625,0.625,,hit_prop_research,True,514888.0,hits,1,Jose Altuve,2f08c06d052b3115,regular_season,2026-09-30,6.0,unknown,"[""lineup_availability_unknown""]",lineup_unknown,astatc-mlb-cws-hou-2026-09-30-hits-josalt-gte1,hp_20260930T200033Z,True,prospective
a063c5d939ebead549f7e6c2,polymarket_us_mlb_hitter_hits_1plus_v1_frozen_v1,polymarket_us,1141113,astatc-mlb-cws-hou-2026-09-30-hits-kyltee-gte1,849846.0,Kyle Teel,True,2026-09-30T20:00:40Z,2026-09-30T20:00:40Z,2026-09-30T20:00:40Z,us_taker_theta_0.0695_2026-09-17,pass,lineup_availability_unknown,1.0,walk_asks,0,0,0.01,0.0,1.0,,0.0,0.0,[],same_time_market_mid_baseline,0.515,0.515,,hit_prop_research,True,691019.0,hits,1,Kyle Teel,2f08c06d052b3115,regular_season,2026-09-30,6.0,unknown,"[""lineup_availability_unknown""]",lineup_unknown,astatc-mlb-cws-hou-2026-09-30-hits-kyltee-gte1,hp_20260930T200033Z,True,prospective
a12dc22023150e525c51b3f4,polymarket_us_mlb_hitter_hits_1plus_v1_frozen_v1,polymarket_us,1141107,astatc-mlb-cws-hou-2026-09-30-hits-migvar-gte1,849846.0,Miguel Vargas,True,2026-09-30T20:00:40Z,2026-09-30T20:00:40Z,2026-09-30T20:00:40Z,us_taker_theta_0.0695_2026-09-17,pass,lineup_availability_unknown,1.0,walk_asks,0,0,0.01,0.0,1.0,,0.0,0.0,[],same_time_market_mid_baseline,0.585,0.585,,hit_prop_research,True,678246.0,hits,1,Miguel Vargas,2f08c06d052b3115,regular_season,2026-09-30,5.0,unknown,"[""lineup_availability_unknown""]",lineup_unknown,astatc-mlb-cws-hou-2026-09-30-hits-migvar-gte1,hp_20260930T200033Z,True,prospective
2381f76f61d2d854c51d9492,polymarket_us_mlb_hitter_hits_1plus_v1_frozen_v1,polymarket_us,1141119,astatc-mlb-cws-hou-2026-09-30-hits-munmur-gte1,849846.0,Munetaka Murakami,True,2026-09-30T20:00:40Z,2026-09-30T20:00:40Z,2026-09-30T20:00:40Z,us_taker_theta_0.0695_2026-09-17,pass,lineup_availability_unknown,1.0,walk_asks,0,0,0.01,0.0,1.0,,0.0,0.0,[],same_time_market_mid_baseline,0.505,0.505,,hit_prop_research,True,808959.0,hits,1,Munetaka Murakami,2f08c06d052b3115,regular_season,2026-09-30,5.0,unknown,"[""lineup_availability_unknown""]",lineup_unknown,astatc-mlb-cws-hou-2026-09-30-hits-munmur-gte1,hp_20260930T200033Z,True,prospective
6815b56fac3f71020404398e,polymarket_us_mlb_hitter_hits_1plus_v1_frozen_v1,polymarket_us,1141104,astatc-mlb-cws-hou-2026-09-30-hits-samant-gte1,849846.0,Sam Antonacci,True,2026-09-30T20:00:40Z,2026-09-30T20:00:40Z,2026-09-30T20:00:40Z,us_taker_theta_0.0695_2026-09-17,pass,lineup_availability_unknown,1.0,walk_asks,0,0,0.01,0.0,1.0,,0.0,0.0,[],same_time_market_mid_baseline,0.635,0.635,,hit_prop_research,True,803011.0,hits,1,Sam Antonacci,2f08c06d052b3115,regular_season,2026-09-30,5.0,unknown,"[""lineup_availability_unknown""]",lineup_unknown,astatc-mlb-cws-hou-2026-09-30-hits-samant-gte1,hp_20260930T200033Z,True,prospective
10c1d4102882de3bde21aeda,polymarket_us_mlb_hitter_hits_1plus_v1_frozen_v1,polymarket_us,1141790,astatc-mlb-cws-hou-2026-09-30-hits-taytra-gte1,849846.0,Taylor Trammell,True,2026-09-30T20:00:40Z,2026-09-30T20:00:40Z,2026-09-30T20:00:40Z,us_taker_theta_0.0695_2026-09-17,pass,lineup_availability_unknown,1.0,walk_asks,0,0,0.01,0.0,1.0,,0.0,0.0,[],same_time_market_mid_baseline,0.395,0.395,,hit_prop_research,True,666211.0,hits,1,Taylor Trammell,2f08c06d052b3115,regular_season,2026-09-30,5.0,unknown,"[""lineup_availability_unknown""]",lineup_unknown,astatc-mlb-cws-hou-2026-09-30-hits-taytra-gte1,hp_20260930T200033Z,True,prospective
b30c160cbbf1a2dd768a4beb,polymarket_us_mlb_hitter_hits_1plus_v1_frozen_v1,polymarket_us,1141116,astatc-mlb-cws-hou-2026-09-30-hits-tripet-gte1,849846.0,Tristan Peters,True,2026-09-30T20:00:40Z,2026-09-30T20:00:40Z,2026-09-30T20:00:40Z,us_taker_theta_0.0695_2026-09-17,pass,lineup_availability_unknown,1.0,walk_asks,0,0,0.01,0.0,1.0,,0.0,0.0,[],same_time_market_mid_baseline,0.535,0.535,,hit_prop_research,True,671976.0,hits,1,Tristan Peters,2f08c06d052b3115,regular_season,2026-09-30,5.0,unknown,"[""lineup_availability_unknown""]",lineup_unknown,astatc-mlb-cws-hou-2026-09-30-hits-tripet-gte1,hp_20260930T200033Z,True,prospective
c2b1456ac8eb6b2881903361,polymarket_us_mlb_hitter_hits_1plus_v1_frozen_v1,polymarket_us,1141581,astatc-mlb-cws-hou-2026-09-30-hits-yoralv-gte1,849846.0,Yordan Alvarez,True,2026-09-30T20:00:40Z,2026-09-30T20:00:40Z,2026-09-30T20:00:40Z,us_taker_theta_0.0695_2026-09-17,pass,lineup_availability_unknown,1.0,walk_asks,0,0,0.01,0.0,1.0,,0.0,0.0,[],same_time_market_mid_baseline,0.665,0.665,,hit_prop_research,True,670541.0,hits,1,Yordan Alvarez,2f08c06d052b3115,regular_season,2026-09-30,5.0,unknown,"[""lineup_availability_unknown""]",lineup_unknown,astatc-mlb-cws-hou-2026-09-30-hits-yoralv-gte1,hp_20260930T200033Z,True,prospective
d7b11985039c1197502c0058,polymarket_us_mlb_hitter_hits_1plus_v1_frozen_v1,polymarket_us,1142441,astatc-mlb-bos-nyy-2026-09-30-hits-adlrut-gte1,849848.0,Adley Rutschman,True,2026-09-30T20:00:40Z,2026-09-30T20:00:40Z,2026-09-30T20:00:40Z,us_taker_theta_0.0695_2026-09-17,pass,lineup_availability_unknown,1.0,walk_asks,0,0,0.01,0.0,1.0,,0.0,0.0,[],same_time_market_mid_baseline,0.595,0.595,,hit_prop_research,True,668939.0,hits,1,Adley Rutschman,2f08c06d052b3115,regular_season,2026-09-30,5.0,unknown,"[""lineup_availability_unknown""]",lineup_unknown,astatc-mlb-bos-nyy-2026-09-30-hits-adlrut-gte1,hp_20260930T200033Z,True,prospective
8d52e3ce62fbf2cce507afa6,polymarket_us_mlb_hitter_hits_1plus_v1_frozen_v1,polymarket_us,1148953,astatc-mlb-bos-nyy-2026-09-30-hits-auswel-gte1,849848.0,Austin Wells,True,2026-09-30T20:00:40Z,2026-09-30T20:00:40Z,2026-09-30T20:00:40Z,us_taker_theta_0.0695_2026-09-17,pass,lineup_availability_unknown,1.0,walk_asks,0,0,0.01,0.0,1.0,,0.0,0.0,[],same_time_market_mid_baseline,0.45499999999999996,0.45499999999999996,,hit_prop_research,True,669224.0,hits,1,Austin Wells,2f08c06d052b3115,regular_season,2026-09-30,5.0,unknown,"[""lineup_availability_unknown""]",lineup_unknown,astatc-mlb-bos-nyy-2026-09-30-hits-auswel-gte1,hp_20260930T200033Z,True,prospective
5ce0bba148530e2c7af65078,polymarket_us_mlb_hitter_hits_1plus_v1_frozen_v1,polymarket_us,1142436,astatc-mlb-bos-nyy-2026-09-30-hits-benric-gte1,849848.0,Ben Rice,True,2026-09-30T20:00:40Z,2026-09-30T20:00:40Z,2026-09-30T20:00:40Z,us_taker_theta_0.0695_2026-09-17,pass,lineup_availability_unknown,1.0,walk_asks,0,0,0.01,0.0,1.0,,0.0,0.0,[],same_time_market_mid_baseline,0.635,0.635,,hit_prop_research,True,700250.0,hits,1,Ben Rice,2f08c06d052b3115,regular_season,2026-09-30,4.0,unknown,"[""lineup_availability_unknown""]",lineup_unknown,astatc-mlb-bos-nyy-2026-09-30-hits-benric-gte1,hp_20260930T200033Z,True,prospective
e37a6b3665fea560c4651860,polymarket_us_mlb_hitter_hits_1plus_v1_frozen_v1,polymarket_us,1149365,astatc-mlb-bos-nyy-2026-09-30-hits-caldur-gte1,849848.0,Caleb Durbin,True,2026-09-30T20:00:40Z,2026-09-30T20:00:40Z,2026-09-30T20:00:40Z,us_taker_theta_0.0695_2026-09-17,pass,lineup_availability_unknown,1.0,walk_asks,0,0,0.01,0.0,1.0,,0.0,0.0,[],same_time_market_mid_baseline,0.565,0.565,,hit_prop_research,True,702332.0,hits,1,Caleb Durbin,2f08c06d052b3115,regular_season,2026-09-30,4.0,unknown,"[""lineup_availability_unknown""]",lineup_unknown,astatc-mlb-bos-nyy-2026-09-30-hits-caldur-gte1,hp_20260930T200033Z,True,prospective
a7517d8daf69bdbbd976b61a,polymarket_us_mlb_hitter_hits_1plus_v1_frozen_v1,polymarket_us,1142457,astatc-mlb-bos-nyy-2026-09-30-hits-cedraf-gte1,849848.0,Ceddanne Rafaela,True,2026-09-30T20:00:40Z,2026-09-30T20:00:40Z,2026-09-30T20:00:40Z,us_taker_theta_0.0695_2026-09-17,pass,lineup_availability_unknown,1.0,walk_asks,0,0,0.01,0.0,1.0,,0.0,0.0,[],same_time_market_mid_baseline,0.595,0.595,,hit_prop_research,True,678882.0,hits,1,Ceddanne Rafaela,2f08c06d052b3115,regular_season,2026-09-30,4.0,unknown,"[""lineup_availability_unknown""]",lineup_unknown,astatc-mlb-bos-nyy-2026-09-30-hits-cedraf-gte1,hp_20260930T200033Z,True,prospective
2b5a875f0248db243f80d0ec,polymarket_us_mlb_hitter_hits_1plus_v1_frozen_v1,polymarket_us,1142448,astatc-mlb-bos-nyy-2026-09-30-hits-codbel-gte1,849848.0,Cody Bellinger,True,2026-09-30T20:00:40Z,2026-09-30T20:00:40Z,2026-09-30T20:00:40Z,us_taker_theta_0.0695_2026-09-17,pass,lineup_availability_unknown,1.0,walk_asks,0,0,0.01,0.0,1.0,,0.0,0.0,[],same_time_market_mid_baseline,0.615,0.615,,hit_prop_research,True,641355.0,hits,1,Cody Bellinger,2f08c06d052b3115,regular_season,2026-09-30,4.0,unknown,"[""lineup_availability_unknown""]",lineup_unknown,astatc-mlb-bos-nyy-2026-09-30-hits-codbel-gte1,hp_20260930T200033Z,True,prospective
1145c9d9fab1274f65d13762,polymarket_us_mlb_hitter_hits_1plus_v1_frozen_v1,polymarket_us,1148947,astatc-mlb-bos-nyy-2026-09-30-hits-geolom-gte1,849848.0,George Lombard Jr.,True,2026-09-30T20:00:40Z,2026-09-30T20:00:40Z,2026-09-30T20:00:40Z,us_taker_theta_0.0695_2026-09-17,pass,lineup_availability_unknown,1.0,walk_asks,0,0,0.01,0.0,1.0,,0.0,0.0,[],same_time_market_mid_baseline,0.595,0.595,,hit_prop_research,True,806146.0,hits,1,George Lombard Jr.,2f08c06d052b3115,regular_season,2026-09-30,4.0,unknown,"[""lineup_availability_unknown""]",lineup_unknown,astatc-mlb-bos-nyy-2026-09-30-hits-geolom-gte1,hp_20260930T200033Z,True,prospective
321c477d02e055017f7da5f1,polymarket_us_mlb_hitter_hits_1plus_v1_frozen_v1,polymarket_us,1142481,astatc-mlb-bos-nyy-2026-09-30-hits-jahjon-gte1,849848.0,Jahmai Jones,True,2026-09-30T20:00:40Z,2026-09-30T20:00:40Z,2026-09-30T20:00:40Z,us_taker_theta_0.0695_2026-09-17,pass,lineup_availability_unknown,1.0,walk_asks,0,0,0.01,0.0,1.0,,0.0,0.0,[],same_time_market_mid_baseline,0.515,0.515,,hit_prop_research,True,663330.0,hits,1,Jahmai Jones,2f08c06d052b3115,regular_season,2026-09-30,4.0,unknown,"[""lineup_availability_unknown""]",lineup_unknown,astatc-mlb-bos-nyy-2026-09-30-hits-jahjon-gte1,hp_20260930T200033Z,True,prospective
4bfa88158ed11e23d4a19f63,polymarket_us_mlb_hitter_hits_1plus_v1_frozen_v1,polymarket_us,1142475,astatc-mlb-bos-nyy-2026-09-30-hits-jazchi-gte1,849848.0,Jazz Chisholm Jr.,True,2026-09-30T20:00:40Z,2026-09-30T20:00:40Z,2026-09-30T20:00:40Z,us_taker_theta_0.0695_2026-09-17,pass,lineup_availability_unknown,1.0,walk_asks,0,0,0.01,0.0,1.0,,0.0,0.0,[],same_time_market_mid_baseline,0.535,0.535,,hit_prop_research,True,665862.0,hits,1,Jazz Chisholm Jr.,2f08c06d052b3115,regular_season,2026-09-30,4.0,unknown,"[""lineup_availability_unknown""]",lineup_unknown,astatc-mlb-bos-nyy-2026-09-30-hits-jazchi-gte1,hp_20260930T200033Z,True,prospective
cfc21632692cb5d9dd7492fe,polymarket_us_mlb_hitter_hits_1plus_v1_frozen_v1,polymarket_us,1142431,astatc-mlb-bos-nyy-2026-09-30-hits-luigar2-gte1,849848.0,Luis García Jr.,True,2026-09-30T20:00:40Z,2026-09-30T20:00:40Z,2026-09-30T20:00:40Z,us_taker_theta_0.0695_2026-09-17,pass,lineup_availability_unknown,1.0,walk_asks,0,0,0.01,0.0,1.0,,0.0,0.0,[],same_time_market_mid_baseline,0.635,0.635,,hit_prop_research,True,671277.0,hits,1,Luis García Jr.,2f08c06d052b3115,regular_season,2026-09-30,4.0,unknown,"[""lineup_availability_unknown""]",lineup_unknown,astatc-mlb-bos-nyy-2026-09-30-hits-luigar2-gte1,hp_20260930T200033Z,True,prospective
df6e8ac4d88d7b0f70e0d620,polymarket_us_mlb_hitter_hits_1plus_v1_frozen_v1,polymarket_us,1149368,astatc-mlb-bos-nyy-2026-09-30-hits-nateat-gte1,849848.0,Nate Eaton,True,2026-09-30T20:00:40Z,2026-09-30T20:00:40Z,2026-09-30T20:00:40Z,us_taker_theta_0.0695_2026-09-17,pass,lineup_availability_unknown,1.0,walk_asks,0,0,0.01,0.0,1.0,,0.0,0.0,[],same_time_market_mid_baseline,0.46499999999999997,0.46499999999999997,,hit_prop_research,True,681987.0,hits,1,Nate Eaton,2f08c06d052b3115,regular_season,2026-09-30,4.0,unknown,"[""lineup_availability_unknown""]",lineup_unknown,astatc-mlb-bos-nyy-2026-09-30-hits-nateat-gte1,hp_20260930T200033Z,True,prospective
1b50b30474f4b020701a8e24,polymarket_us_mlb_hitter_hits_1plus_v1_frozen_v1,polymarket_us,1149362,astatc-mlb-bos-nyy-2026-09-30-hits-nicsog-gte1,849848.0,Nick Sogard,True,2026-09-30T20:00:40Z,2026-09-30T20:00:40Z,2026-09-30T20:00:40Z,us_taker_theta_0.0695_2026-09-17,pass,lineup_availability_unknown,1.0,walk_asks,0,0,0.01,0.0,1.0,,0.0,0.0,[],same_time_market_mid_baseline,0.515,0.515,,hit_prop_research,True,686765.0,hits,1,Nick Sogard,2f08c06d052b3115,regular_season,2026-09-30,4.0,unknown,"[""lineup_availability_unknown""]",lineup_unknown,astatc-mlb-bos-nyy-2026-09-30-hits-nicsog-gte1,hp_20260930T200033Z,True,prospective
c82d3b6ee029e49b6809b427,polymarket_us_mlb_hitter_hits_1plus_v1_frozen_v1,polymarket_us,1148956,astatc-mlb-bos-nyy-2026-09-30-hits-ryamcm-gte1,849848.0,Ryan McMahon,True,2026-09-30T20:00:40Z,2026-09-30T20:00:40Z,2026-09-30T20:00:40Z,us_taker_theta_0.0695_2026-09-17,pass,lineup_availability_unknown,1.0,walk_asks,0,0,0.01,0.0,1.0,,0.0,0.0,[],same_time_market_mid_baseline,0.44499999999999995,0.44499999999999995,,hit_prop_research,True,641857.0,hits,1,Ryan McMahon,2f08c06d052b3115,regular_season,2026-09-30,4.0,unknown,"[""lineup_availability_unknown""]",lineup_unknown,astatc-mlb-bos-nyy-2026-09-30-hits-ryamcm-gte1,hp_20260930T200033Z,True,prospective
c992f3e7ef7ae9e670204060,polymarket_us_mlb_hitter_hits_1plus_v1_frozen_v1,polymarket_us,1142487,astatc-mlb-bos-nyy-2026-09-30-hits-spejon-gte1,849848.0,Spencer Jones,True,2026-09-30T20:00:40Z,2026-09-30T20:00:40Z,2026-09-30T20:00:40Z,us_taker_theta_0.0695_2026-09-17,pass,lineup_availability_unknown,1.0,walk_asks,0,0,0.01,0.0,1.0,,0.0,0.0,[],same_time_market_mid_baseline,0.565,0.565,,hit_prop_research,True,682987.0,hits,1,Spencer Jones,2f08c06d052b3115,regular_season,2026-09-30,3.0,unknown,"[""lineup_availability_unknown""]",lineup_unknown,astatc-mlb-bos-nyy-2026-09-30-hits-spejon-gte1,hp_20260930T200033Z,True,prospective
06540613f07fa17765573efe,polymarket_us_mlb_hitter_hits_1plus_v1_frozen_v1,polymarket_us,1148950,astatc-mlb-bos-nyy-2026-09-30-hits-tregri-gte1,849848.0,Trent Grisham,True,2026-09-30T20:00:40Z,2026-09-30T20:00:40Z,2026-09-30T20:00:40Z,us_taker_theta_0.0695_2026-09-17,pass,lineup_availability_unknown,1.0,walk_asks,0,0,0.01,0.0,1.0,,0.0,0.0,[],same_time_market_mid_baseline,0.525,0.525,,hit_prop_research,True,663757.0,hits,1,Trent Grisham,2f08c06d052b3115,regular_season,2026-09-30,3.0,unknown,"[""lineup_availability_unknown""]",lineup_unknown,astatc-mlb-bos-nyy-2026-09-30-hits-tregri-gte1,hp_20260930T200033Z,True,prospective
750c58ecb55a7d3002a127ce,polymarket_us_mlb_hitter_hits_1plus_v1_frozen_v1,polymarket_us,1149359,astatc-mlb-bos-nyy-2026-09-30-hits-tresto-gte1,849848.0,Trevor Story,True,2026-09-30T20:00:40Z,2026-09-30T20:00:40Z,2026-09-30T20:00:40Z,us_taker_theta_0.0695_2026-09-17,pass,lineup_availability_unknown,1.0,walk_asks,0,0,0.01,0.0,1.0,,0.0,0.0,[],same_time_market_mid_baseline,0.515,0.515,,hit_prop_research,True,596115.0,hits,1,Trevor Story,2f08c06d052b3115,regular_season,2026-09-30,3.0,unknown,"[""lineup_availability_unknown""]",lineup_unknown,astatc-mlb-bos-nyy-2026-09-30-hits-tresto-gte1,hp_20260930T200033Z,True,prospective
3e1d9c57df286c382dedd897,polymarket_us_mlb_hitter_hits_1plus_v1_frozen_v1,polymarket_us,1142464,astatc-mlb-bos-nyy-2026-09-30-hits-wilabr-gte1,849848.0,Wilyer Abreu,True,2026-09-30T20:00:40Z,2026-09-30T20:00:40Z,2026-09-30T20:00:40Z,us_taker_theta_0.0695_2026-09-17,pass,lineup_availability_unknown,1.0,walk_asks,0,0,0.01,0.0,1.0,,0.0,0.0,[],same_time_market_mid_baseline,0.585,0.585,,hit_prop_research,True,677800.0,hits,1,Wilyer Abreu,2f08c06d052b3115,regular_season,2026-09-30,3.0,unknown,"[""lineup_availability_unknown""]",lineup_unknown,astatc-mlb-bos-nyy-2026-09-30-hits-wilabr-gte1,hp_20260930T200033Z,True,prospective
023b0c85dacfb50b9bbf88a7,polymarket_us_mlb_hitter_hits_1plus_v1_frozen_v1,polymarket_us,1142468,astatc-mlb-bos-nyy-2026-09-30-hits-wilcon-gte1,849848.0,Willson Contreras,True,2026-09-30T20:00:40Z,2026-09-30T20:00:40Z,2026-09-30T20:00:40Z,us_taker_theta_0.0695_2026-09-17,pass,lineup_availability_unknown,1.0,walk_asks,0,0,0.01,0.0,1.0,,0.0,0.0,[],same_time_market_mid_baseline,0.595,0.595,,hit_prop_research,True,575929.0,hits,1,Willson Contreras,2f08c06d052b3115,regular_season,2026-09-30,3.0,unknown,"[""lineup_availability_unknown""]",lineup_unknown,astatc-mlb-bos-nyy-2026-09-30-hits-wilcon-gte1,hp_20260930T200033Z,True,prospective
17aab158779d27c78860d513,polymarket_us_mlb_hitter_hits_1plus_v1_frozen_v1,polymarket_us,1143037,astatc-mlb-chc-sd-2026-09-30-hits-alebre-gte1,849842.0,Alex Bregman,True,2026-09-30T20:00:40Z,2026-09-30T20:00:40Z,2026-09-30T20:00:40Z,us_taker_theta_0.0695_2026-09-17,pass,lineup_availability_unknown,1.0,walk_asks,0,0,0.01,0.0,1.0,,0.0,0.0,[],same_time_market_mid_baseline,0.615,0.615,,hit_prop_research,True,608324.0,hits,1,Alex Bregman,2f08c06d052b3115,regular_season,2026-09-30,3.0,unknown,"[""lineup_availability_unknown""]",lineup_unknown,astatc-mlb-chc-sd-2026-09-30-hits-alebre-gte1,hp_20260930T200033Z,True,prospective
0f0221ea7d7b585c1cb3098b,polymarket_us_mlb_hitter_hits_1plus_v1_frozen_v1,polymarket_us,1143880,astatc-mlb-chc-sd-2026-09-30-hits-fertat-gte1,849842.0,Fernando Tatis Jr.,True,2026-09-30T20:00:40Z,2026-09-30T20:00:40Z,2026-09-30T20:00:40Z,us_taker_theta_0.0695_2026-09-17,pass,lineup_availability_unknown,1.0,walk_asks,0,0,0.01,0.0,1.0,,0.0,0.0,[],same_time_market_mid_baseline,0.715,0.715,,hit_prop_research,True,665487.0,hits,1,Fernando Tatis Jr.,2f08c06d052b3115,regular_season,2026-09-30,3.0,unknown,"[""lineup_availability_unknown""]",lineup_unknown,astatc-mlb-chc-sd-2026-09-30-hits-fertat-gte1,hp_20260930T200033Z,True,prospective
d685916c17fb0a921ce1441c,polymarket_us_mlb_hitter_hits_1plus_v1_frozen_v1,polymarket_us,1143046,astatc-mlb-chc-sd-2026-09-30-hits-ianhap-gte1,849842.0,Ian Happ,True,2026-09-30T20:00:40Z,2026-09-30T20:00:40Z,2026-09-30T20:00:40Z,us_taker_theta_0.0695_2026-09-17,pass,lineup_availability_unknown,1.0,walk_asks,0,0,0.01,0.0,1.0,,0.0,0.0,[],same_time_market_mid_baseline,0.495,0.495,,hit_prop_research,True,664023.0,hits,1,Ian Happ,2f08c06d052b3115,regular_season,2026-09-30,3.0,unknown,"[""lineup_availability_unknown""]",lineup_unknown,astatc-mlb-chc-sd-2026-09-30-hits-ianhap-gte1,hp_20260930T200033Z,True,prospective
a62d5d6f3cab4dbf792a099c,polymarket_us_mlb_hitter_hits_1plus_v1_frozen_v1,polymarket_us,1143883,astatc-mlb-chc-sd-2026-09-30-hits-jacmer-gte1,849842.0,Jackson Merrill,True,2026-09-30T20:00:40Z,2026-09-30T20:00:40Z,2026-09-30T20:00:40Z,us_taker_theta_0.0695_2026-09-17,pass,lineup_availability_unknown,1.0,walk_asks,0,0,0.01,0.0,1.0,,0.0,0.0,[],same_time_market_mid_baseline,0.655,0.655,,hit_prop_research,True,701538.0,hits,1,Jackson Merrill,2f08c06d052b3115,regular_season,2026-09-30,3.0,unknown,"[""lineup_availability_unknown""]",lineup_unknown,astatc-mlb-chc-sd-2026-09-30-hits-jacmer-gte1,hp_20260930T200033Z,True,prospective
bb30a0fe8047da177ac93894,polymarket_us_mlb_hitter_hits_1plus_v1_frozen_v1,polymarket_us,1143889,astatc-mlb-chc-sd-2026-09-30-hits-jakcro-gte1,849842.0,Jake Cronenworth,True,2026-09-30T20:00:40Z,2026-09-30T20:00:40Z,2026-09-30T20:00:40Z,us_taker_theta_0.0695_2026-09-17,pass,lineup_availability_unknown,1.0,walk_asks,0,0,0.01,0.0,1.0,,0.0,0.0,[],same_time_market_mid_baseline,0.485,0.485,,hit_prop_research,True,630105.0,hits,1,Jake Cronenworth,2f08c06d052b3115,regular_season,2026-09-30,2.0,unknown,"[""lineup_availability_unknown""]",lineup_unknown,astatc-mlb-chc-sd-2026-09-30-hits-jakcro-gte1,hp_20260930T200033Z,True,prospective
03d6de5057f5b285f3d983ca,polymarket_us_mlb_hitter_hits_1plus_v1_frozen_v1,polymarket_us,1143886,astatc-mlb-chc-sd-2026-09-30-hits-manmac-gte1,849842.0,Manny Machado,True,2026-09-30T20:00:40Z,2026-09-30T20:00:40Z,2026-09-30T20:00:40Z,us_taker_theta_0.0695_2026-09-17,pass,lineup_availability_unknown,1.0,walk_asks,0,0,0.01,0.0,1.0,,0.0,0.0,[],same_time_market_mid_baseline,0.615,0.615,,hit_prop_research,True,592518.0,hits,1,Manny Machado,2f08c06d052b3115,regular_season,2026-09-30,2.0,unknown,"[""lineup_availability_unknown""]",lineup_unknown,astatc-mlb-chc-sd-2026-09-30-hits-manmac-gte1,hp_20260930T200033Z,True,prospective
e04ebc16899392162f6def48,polymarket_us_mlb_hitter_hits_1plus_v1_frozen_v1,polymarket_us,1143043,astatc-mlb-chc-sd-2026-09-30-hits-micbus-gte1,849842.0,Michael Busch,True,2026-09-30T20:00:40Z,2026-09-30T20:00:40Z,2026-09-30T20:00:40Z,us_taker_theta_0.0695_2026-09-17,pass,lineup_availability_unknown,1.0,walk_asks,0,0,0.01,0.0,1.0,,0.0,0.0,[],same_time_market_mid_baseline,0.53,0.53,,hit_prop_research,True,683737.0,hits,1,Michael Busch,2f08c06d052b3115,regular_season,2026-09-30,2.0,unknown,"[""lineup_availability_unknown""]",lineup_unknown,astatc-mlb-chc-sd-2026-09-30-hits-micbus-gte1,hp_20260930T200033Z,True,prospective
a87cfff7bfecedda4af18efa,polymarket_us_mlb_hitter_hits_1plus_v1_frozen_v1,polymarket_us,1143031,astatc-mlb-chc-sd-2026-09-30-hits-nichoe-gte1,849842.0,Nico Hoerner,True,2026-09-30T20:00:40Z,2026-09-30T20:00:40Z,2026-09-30T20:00:40Z,us_taker_theta_0.0695_2026-09-17,pass,lineup_availability_unknown,1.0,walk_asks,0,0,0.01,0.0,1.0,,0.0,0.0,[],same_time_market_mid_baseline,0.605,0.605,,hit_prop_research,True,663538.0,hits,1,Nico Hoerner,2f08c06d052b3115,regular_season,2026-09-30,2.0,unknown,"[""lineup_availability_unknown""]",lineup_unknown,astatc-mlb-chc-sd-2026-09-30-hits-nichoe-gte1,hp_20260930T200033Z,True,prospective
9f853e2c7bc83e30a88773d4,polymarket_us_mlb_hitter_hits_1plus_v1_frozen_v1,polymarket_us,1143034,astatc-mlb-chc-sd-2026-09-30-hits-petarm-gte1,849842.0,Pete Crow-Armstrong,True,2026-09-30T20:00:40Z,2026-09-30T20:00:40Z,2026-09-30T20:00:40Z,us_taker_theta_0.0695_2026-09-17,pass,lineup_availability_unknown,1.0,walk_asks,0,0,0.01,0.0,1.0,,0.0,0.0,[],same_time_market_mid_baseline,0.615,0.615,,hit_prop_research,True,691718.0,hits,1,Pete Crow-Armstrong,2f08c06d052b3115,regular_season,2026-09-30,2.0,unknown,"[""lineup_availability_unknown""]",lineup_unknown,astatc-mlb-chc-sd-2026-09-30-hits-petarm-gte1,hp_20260930T200033Z,True,prospective
1d5bd76d2f602ebf1c5ca688,polymarket_us_mlb_hitter_hits_1plus_v1_frozen_v1,polymarket_us,1143040,astatc-mlb-chc-sd-2026-09-30-hits-seisuz-gte1,849842.0,Seiya Suzuki,True,2026-09-30T20:00:40Z,2026-09-30T20:00:40Z,2026-09-30T20:00:40Z,us_taker_theta_0.0695_2026-09-17,pass,lineup_availability_unknown,1.0,walk_asks,0,0,0.01,0.0,1.0,,0.0,0.0,[],same_time_market_mid_baseline,0.575,0.575,,hit_prop_research,True,673548.0,hits,1,Seiya Suzuki,2f08c06d052b3115,regular_season,2026-09-30,2.0,unknown,"[""lineup_availability_unknown""]",lineup_unknown,astatc-mlb-chc-sd-2026-09-30-hits-seisuz-gte1,hp_20260930T200033Z,True,prospective
