venue_id,market_id,market_slug,receive_time_utc,best_ask,best_bid,eligible,eligibility_reason,partition_date,raw_response_hash
polymarket_us,657964,aec-nfl-det-buf-2026-09-17,2026-09-16T05:00:08Z,0.33,0.325,True,,2026-09-16,f9b72f7686a17e6ea66178c45162255155a2d6ec291d0f9e62cf10abc4f8eb40
polymarket_us,657975,aec-nfl-car-atl-2026-09-20,2026-09-16T05:00:08Z,0.57,0.565,True,,2026-09-16,143c22838c5498b9d1f67443fa2cc005358ae9f38645f742eb89ef122aa08ebd
polymarket_us,657980,aec-nfl-no-bal-2026-09-20,2026-09-16T05:00:08Z,0.215,0.21,True,,2026-09-16,ac7cb7a49d1c7f1bea2f00e54e6f2936096950d799e7986072d7d0fb2109e471
polymarket_us,657983,aec-nfl-cin-hou-2026-09-20,2026-09-16T05:00:08Z,0.42,0.415,True,,2026-09-16,d9f1f024802945ab8f1bfba1387d397887c66ca68967f8f72e98c5f604d6a863
polymarket_us,657989,aec-nfl-jax-den-2026-09-20,2026-09-16T05:00:09Z,0.42,0.415,True,,2026-09-16,a2082469716b1fa353d810bf36389350ce7a77278f24816adad93f9b2445fb0b
polymarket_us,657999,aec-nfl-was-dal-2026-09-20,2026-09-16T05:00:09Z,0.345,0.34,True,,2026-09-16,389ca0b5e06c2721ba232452329cdd6f85aeb5834e75213a3ca24255afc3b5fb
polymarket_us,658002,aec-nfl-ind-kc-2026-09-20,2026-09-16T05:00:09Z,0.27,0.265,True,,2026-09-16,86b4773575781af97864fd11cefbd3a43bf62da2fb84347bde316792bfb2e550
polymarket_us,657964,aec-nfl-det-buf-2026-09-17,2026-09-16T05:01:49Z,0.33,0.325,True,,2026-09-16,d84e4d8a53fa8794384b05b776e33fd0ee1c3b3a8d634bc5368058ab932e0be4
polymarket_us,657966,aec-nfl-phi-ten-2026-09-20,2026-09-16T05:01:49Z,0.76,0.755,True,,2026-09-16,8795ff1fef4b1448f339743e6cd4c2bbeb9cc4afa68dc14c7bee0bd6e4ed7d92
polymarket_us,657975,aec-nfl-car-atl-2026-09-20,2026-09-16T05:01:49Z,0.57,0.565,True,,2026-09-16,d811db64b6466c563d6ca9b92363a7f7f232d2f0d1219155627327de1259c15e
polymarket_us,657986,aec-nfl-cle-tb-2026-09-20,2026-09-16T05:01:49Z,0.21,0.205,True,,2026-09-16,f63ef9649bc169a726502d957057a14675a3c6e9901267c98dee2b6a8b0cc138
polymarket_us,657969,aec-nfl-pit-ne-2026-09-20,2026-09-16T05:01:49Z,0.32,0.315,True,,2026-09-16,38e0e8f992ca3ad25ea1afb06f9489928bf7046b49b02b15e27a319a43485877
polymarket_us,657983,aec-nfl-cin-hou-2026-09-20,2026-09-16T05:01:49Z,0.42,0.415,True,,2026-09-16,e57f3e3d74bc1a14b743913281cedf82236b96cc04cdd53c00be45f9660670d4
polymarket_us,657980,aec-nfl-no-bal-2026-09-20,2026-09-16T05:01:49Z,0.215,0.21,True,,2026-09-16,2d170cd09ea733bcd5596fe97de45673c23452046f63e86460333f260a65a681
polymarket_us,657972,aec-nfl-min-chi-2026-09-20,2026-09-16T05:01:50Z,0.32,0.315,True,,2026-09-16,b241e92586373a4f3486b2bb79f22696bf1ca49848208e54860e00bc6f98845d
polymarket_us,657978,aec-nfl-gb-nyj-2026-09-20,2026-09-16T05:01:50Z,0.635,0.63,True,,2026-09-16,59cd8d0189572938161ed866c93c6d0b0dda5e908403531114f2cab6b9ec1d5b
polymarket_us,657989,aec-nfl-jax-den-2026-09-20,2026-09-16T05:01:50Z,0.42,0.415,True,,2026-09-16,a6ed97731a680ccbfac84e09f25799d7a2727bb78ca36192a3aaac7e9502a0e8
polymarket_us,657992,aec-nfl-lv-lac-2026-09-20,2026-09-16T05:01:50Z,0.27,0.265,True,,2026-09-16,d6b918752f50e800b46c5c4ed348f5415b4fff08370d773fea93d267788817ac
polymarket_us,657996,aec-nfl-mia-sf-2026-09-20,2026-09-16T05:01:50Z,0.115,0.11,True,,2026-09-16,94d7a22adde18d6f150d4e496c18bc46b18b9e5117510733dbfa6d02430f9320
polymarket_us,657994,aec-nfl-sea-ari-2026-09-20,2026-09-16T05:01:50Z,0.66,0.655,True,,2026-09-16,433c1cce2256cb408f204aca720fe606a5e70c258371f9b8d066f5695cc55f9b
polymarket_us,657999,aec-nfl-was-dal-2026-09-20,2026-09-16T05:01:50Z,0.345,0.34,True,,2026-09-16,ec6bc04ffb9ef30fd6e65f3c2378c4b0ca1942540508674b1d467d70ea404cb6
polymarket_us,658002,aec-nfl-ind-kc-2026-09-20,2026-09-16T05:01:50Z,0.27,0.265,True,,2026-09-16,28785d4175c27f5432f39d7d093eb3a524fdd94dfe7cdb646aa141fb0f1fbfdf
polymarket_us,658005,aec-nfl-nyg-lar-2026-09-21,2026-09-16T05:01:51Z,0.26,0.255,True,,2026-09-16,31e5e07e407723c6013e828eb0def8fff94d8b1471756f30d85ecc3f808102fe
polymarket_us,779756,aec-nfl-atl-gb-2026-09-24,2026-09-16T05:01:51Z,0.275,0.27,True,,2026-09-16,c97c96a14624c574786ad9c22200c60918ff3876aab6d0e38595d9a52ef9f2a3
polymarket_us,825200,aec-nfl-lac-buf-2026-09-27,2026-09-16T05:01:51Z,0.355,0.35,True,,2026-09-16,8b8e5bb8f95932fb3fa3c34246812e8496a3a0defdf719dc5a3f59f6bc5ce2bd
polymarket_us,825196,aec-nfl-car-cle-2026-09-27,2026-09-16T05:01:51Z,0.58,0.57,True,,2026-09-16,37eb7bb5d6a355f626f6739294a0e26073d63196a4b4e33598337ff29eb26b7d
polymarket_us,825202,aec-nfl-hou-ind-2026-09-27,2026-09-16T05:01:51Z,0.57,0.565,True,,2026-09-16,e42a40273f1c5d5e937088137c12ed864d2abaff9e5b552435e59abe6d6175db
polymarket_us,657964,aec-nfl-det-buf-2026-09-17,2026-09-16T18:48:43Z,0.33,0.325,True,,2026-09-16,d81c0a1f64cc7bd380bac9579ccad55f5014a760ab008e2543499774dcc3563a
polymarket_us,657966,aec-nfl-phi-ten-2026-09-20,2026-09-16T18:48:43Z,0.755,0.75,True,,2026-09-16,c8f3405cad9c340b2af41ffa8621120393813187089ac6946b339ef19b74ffef
polymarket_us,657975,aec-nfl-car-atl-2026-09-20,2026-09-16T18:48:43Z,0.57,0.565,True,,2026-09-16,9bf06813822513fe841c80f7aea445cfdcda2a2314d9d59c7b672fada47fdd18
polymarket_us,657986,aec-nfl-cle-tb-2026-09-20,2026-09-16T18:48:43Z,0.21,0.205,True,,2026-09-16,b7d6b28de9778ba9ec7da20551de8c75c9f9bbcb9b107ac07bf0a608e57fea82
polymarket_us,657969,aec-nfl-pit-ne-2026-09-20,2026-09-16T18:48:43Z,0.32,0.315,True,,2026-09-16,c99c4f4776e0d4697a94125ea41900e38856d37bcf7d5d5a4ff19d63c7fcba95
polymarket_us,657983,aec-nfl-cin-hou-2026-09-20,2026-09-16T18:48:44Z,0.42,0.415,True,,2026-09-16,2569ea6c6f9966fe1f0c9e3d3dec36ce10cb55d1c38da3c62daf00375e4e3925
polymarket_us,657980,aec-nfl-no-bal-2026-09-20,2026-09-16T18:48:44Z,0.215,0.21,True,,2026-09-16,bbf37ffe35d3b58bdf93f9d83c93341cc1503e3919af51fdb7c77cbf1560545b
polymarket_us,657972,aec-nfl-min-chi-2026-09-20,2026-09-16T18:48:44Z,0.33,0.325,True,,2026-09-16,ee6dca854599793e16b964f14169b982cf6829d828a5869b4714fdefb4005c6f
polymarket_us,657978,aec-nfl-gb-nyj-2026-09-20,2026-09-16T18:48:44Z,0.625,0.62,True,,2026-09-16,7e0fae3890957bad722c064f5cd70aed23ceb4e4d1880a3cdc798ea99a0af0e1
polymarket_us,657989,aec-nfl-jax-den-2026-09-20,2026-09-16T18:48:44Z,0.42,0.415,True,,2026-09-16,9c0ec3a16a08212a4971ddb57fb50615d5454747e88776778c9f9ec90fbe8c4d
polymarket_us,657992,aec-nfl-lv-lac-2026-09-20,2026-09-16T18:48:44Z,0.275,0.27,True,,2026-09-16,50aa52b1a33a87b1f2b10fe7350672fdb46f12df0aa63b5ae8c840845fb82e89
polymarket_us,657996,aec-nfl-mia-sf-2026-09-20,2026-09-16T18:48:44Z,0.11,0.105,True,,2026-09-16,9cb7e174757e81821cc849d693ea4c2654fbf7d25b770ef375b2e5386464afac
polymarket_us,657994,aec-nfl-sea-ari-2026-09-20,2026-09-16T18:48:45Z,0.655,0.65,True,,2026-09-16,e4da17d2ed100d28f7682a85f5278dd65006fc479dd3954afb222ea22398f0e1
polymarket_us,657999,aec-nfl-was-dal-2026-09-20,2026-09-16T18:48:45Z,0.345,0.34,True,,2026-09-16,bb1af37d312f8ecaaaf82a87107de15e8d68bfc18ceed04861a2925643edccfb
polymarket_us,658002,aec-nfl-ind-kc-2026-09-20,2026-09-16T18:48:45Z,0.27,0.265,True,,2026-09-16,c0faa9a2ea8b3be9647050fcaa6b168965222f5196fb3d03664f880b4beb7832
polymarket_us,658005,aec-nfl-nyg-lar-2026-09-21,2026-09-16T18:48:45Z,0.26,0.255,True,,2026-09-16,bf4556c59e6b266f2ac0d0df4a8e757959cb45bc5e08f0ace460421c96fc6365
polymarket_us,779756,aec-nfl-atl-gb-2026-09-24,2026-09-16T18:48:45Z,0.265,0.26,True,,2026-09-16,80ed7c681d51527f9914450ac499b0ee8e95be548f42b21d94dafe8818ade107
polymarket_us,825200,aec-nfl-lac-buf-2026-09-27,2026-09-16T18:48:45Z,0.345,0.34,True,,2026-09-16,25924935a59585de03198e0075384abc1d103910cf85abfe884003d6b53432d3
polymarket_us,825196,aec-nfl-car-cle-2026-09-27,2026-09-16T18:48:45Z,0.58,0.575,True,,2026-09-16,941a03a2d6fb37f1d156f26c023b86cf562aa5d0f8d1612aeb8fa131ee1eebec
polymarket_us,825202,aec-nfl-hou-ind-2026-09-27,2026-09-16T18:48:45Z,0.57,0.565,True,,2026-09-16,60d1e5bbf7d9e677a9870df9efdb5fb1810c56c49ae355f70510b2d6e9cb15b6
polymarket_us,825199,aec-nfl-ne-jax-2026-09-27,2026-09-16T18:48:46Z,0.44,0.435,True,,2026-09-16,691aad54413a0c7975c6a56595fb89b016e8a73f0be50a9423a49b3569abbff9
polymarket_us,825198,aec-nfl-ten-nyg-2026-09-27,2026-09-16T18:48:46Z,0.285,0.28,True,,2026-09-16,4ebc3ead8a7c6fd6759c9767d526b9a84fce572ce2c96e2793c86a45a81bbc05
polymarket_us,825204,aec-nfl-sea-was-2026-09-27,2026-09-16T18:48:46Z,0.545,0.54,True,,2026-09-16,a399d5c20322107f7960c5d01cd467005ea5d760ff10e4e23886a0e681ef84d7
polymarket_us,825201,aec-nfl-nyj-det-2026-09-27,2026-09-16T18:48:46Z,0.25,0.245,True,,2026-09-16,a077ae8fafdb211cc94bfdcd75afa3098585f33c9a6eac8d1b03286a97abe38e
polymarket_us,825195,aec-nfl-kc-mia-2026-09-27,2026-09-16T18:48:46Z,0.815,0.81,True,,2026-09-16,0fe3f040f53b3d818b5042922024c2db48315ae2df74bdecda543aa663ffb4be
polymarket_us,825205,aec-nfl-cin-pit-2026-09-27,2026-09-16T18:48:46Z,0.55,0.545,True,,2026-09-16,cacc2f66d0722c04932743ea3595fe379977e9441fc5031fa6838657bbc20c23
polymarket_us,825206,aec-nfl-ari-sf-2026-09-27,2026-09-16T18:48:46Z,0.205,0.2,True,,2026-09-16,057ef33664ce02f914cffbd1e35ff988fece13b3bb9e672879579fbe2188c4c5
polymarket_us,825208,aec-nfl-min-tb-2026-09-27,2026-09-16T18:48:47Z,0.49,0.485,True,,2026-09-16,30faaf0cdc7a4cd9e3fa7a16f92a0fd597e1cfeda0f0ab405a1dcbdbe35f8419
polymarket_us,825209,aec-nfl-lv-no-2026-09-27,2026-09-16T18:48:47Z,0.4,0.395,True,,2026-09-16,78c1cf942d8ef37100a3be22601fbcdc58071e295aafd32ea67a124dfc35690e
polymarket_us,825210,aec-nfl-bal-dal-2026-09-27,2026-09-16T18:48:47Z,0.58,0.575,True,,2026-09-16,c0c0ca6baf6bf590078fb59b815bb365eea694d593e34412250311cad3301e32
polymarket_us,825211,aec-nfl-lar-den-2026-09-27,2026-09-16T18:48:47Z,0.565,0.56,True,,2026-09-16,377db3cc7c1ff299a62efd772c132c708d1b8a571bf615da247d6b9a86399c34
polymarket_us,848861,aec-nfl-phi-chi-2026-09-28,2026-09-16T18:48:47Z,0.5,0.495,True,,2026-09-16,ce9bf46b4e0817650a339539f09d10215bba4c80e6fa9e3eea7e17e99960e6b4
