key_mlbam,name_first,name_last,team,opponent,is_home,dk_slot,game_pk,game_datetime,DK_Points,Ceiling_DK_Points,Boom_Adjusted_DK_Points,Value_Score,Estimated_Salary
592518,Manny,Machado,SD,MIL,False,3B,849825,2026-10-04T20:00:00Z,6.792128927132492,16.0,12.154629377742332,2.7624157676687116,4400.0
694192,Jackson,Chourio,MIL,SD,True,OF,849825,2026-10-04T20:00:00Z,6.712388219182046,16.5,12.644652495933675,2.8737846581667443,4400.0
641343,Jake,Bauers,MIL,SD,True,1B,849825,2026-10-04T20:00:00Z,6.629629310521502,18.0,11.792254541390058,2.7423847770674556,4300.0
661388,William,Contreras,MIL,SD,True,C,849825,2026-10-04T20:00:00Z,6.5343746021487545,15.400000000000006,11.699260416460556,2.720758236386176,4300.0
663586,Austin,Riley,ATL,LAD,False,3B,849823,2026-10-05T00:00:00Z,6.2987686193538295,13.800000000000011,11.15728350512812,2.6564960726495523,4200.0
621566,Matt,Olson,ATL,LAD,False,1B,849823,2026-10-05T00:00:00Z,6.278480390103175,16.0,11.6712394565943,2.778866537284357,4200.0
660670,Ronald,Acuña,ATL,LAD,False,OF,849823,2026-10-05T00:00:00Z,6.218395058266377,15.0,11.586183827720571,2.758615197076326,4200.0
645277,Ozzie,Albies,ATL,LAD,False,2B,849823,2026-10-05T00:00:00Z,6.141225307489252,14.0,10.763519787008205,2.5627428064305247,4200.0
686948,Drake,Baldwin,ATL,LAD,False,C,849823,2026-10-05T00:00:00Z,6.090867269258105,15.0,11.317574482273226,2.760384020066641,4100.0
665487,Fernando,Tatís,SD,MIL,False,OF,849825,2026-10-04T20:00:00Z,6.074965175775376,15.0,11.222495167830408,2.7371939433732706,4100.0
668930,Brice,Turang,MIL,SD,True,2B,849825,2026-10-04T20:00:00Z,6.010149940405492,17.0,11.304802269565172,2.7572688462354082,4100.0
606192,Teoscar,Hernández,LAD,ATL,True,OF,849823,2026-10-05T00:00:00Z,6.009959766450103,16.0,11.248949592742951,2.7436462421324275,4100.0
701538,Jackson,Merrill,SD,MIL,False,OF,849825,2026-10-04T20:00:00Z,5.98579005000734,15.0,11.576623787027248,2.823566777323719,4100.0
593428,Xander,Bogaerts,SD,MIL,False,SS,849825,2026-10-04T20:00:00Z,5.976797490299851,12.0,10.19387782911988,2.4863116656389956,4100.0
681624,Andy,Pages,LAD,ATL,True,OF,849823,2026-10-05T00:00:00Z,5.971429977816679,16.0,11.787750792555617,2.8750611689160044,4100.0
657757,Gavin,Sheets,SD,MIL,False,1B,849825,2026-10-04T20:00:00Z,5.929634623081282,13.200000000000015,11.127513772118895,2.714027749297292,4100.0
669257,Will,Smith,LAD,ATL,True,C,849823,2026-10-05T00:00:00Z,5.888697379791836,14.0,10.208650412627811,2.489914734787271,4100.0
643289,Mauricio,Dubón,ATL,LAD,False,OF,849823,2026-10-05T00:00:00Z,5.797104861865455,13.5,9.827113861645705,2.456778465411426,4000.0
671739,Michael,Harris,ATL,LAD,False,OF,849823,2026-10-05T00:00:00Z,5.79664511892472,16.30000000000001,11.218099210186873,2.804524802546718,4000.0
663656,Kyle,Tucker,LAD,ATL,True,OF,849823,2026-10-05T00:00:00Z,5.694230931736835,15.800000000000011,10.853331289327016,2.713332822331754,4000.0
669003,Garrett,Mitchell,MIL,SD,True,OF,849825,2026-10-04T20:00:00Z,5.673098935291516,13.0,10.95294368332912,2.73823592083228,4000.0
800325,Luis,Lara,MIL,SD,True,OF,849825,2026-10-04T20:00:00Z,5.597571512590066,10.0,9.505786070575397,2.376446517643849,4000.0
683734,Andrew,Vaughn,MIL,SD,True,1B,849825,2026-10-04T20:00:00Z,5.567967692296335,10.0,9.836500736311244,2.459125184077811,4000.0
518692,Freddie,Freeman,LAD,ATL,True,1B,849823,2026-10-05T00:00:00Z,5.560355945834926,13.0,10.083630256838482,2.5209075642096206,4000.0
664034,Ty,France,SD,MIL,False,1B,849825,2026-10-04T20:00:00Z,5.535789076299325,15.0,11.16268091972644,2.8622258768529334,3900.0
605141,Mookie,Betts,LAD,ATL,True,SS,849823,2026-10-05T00:00:00Z,5.509378164184183,17.0,11.692513681703396,2.998080431205999,3900.0
630105,Jake,Cronenworth,SD,MIL,False,2B,849825,2026-10-04T20:00:00Z,5.494769035966955,10.0,9.706422523132131,2.4888262879825978,3900.0
687401,Joey,Ortiz,MIL,SD,True,SS,849825,2026-10-04T20:00:00Z,5.466860119827923,12.299999999999995,9.939914274835084,2.548695967906432,3900.0
571970,Max,Muncy,LAD,ATL,True,3B,849823,2026-10-05T00:00:00Z,5.411919147203343,15.0,11.493370088597448,2.947017971435243,3900.0
806198,Cooper,Pratt,MIL,SD,True,SS,849825,2026-10-04T20:00:00Z,5.292378922659759,12.0,9.724564197669832,2.493477999402521,3900.0
657041,Lane,Thomas,ATL,LAD,False,OF,849823,2026-10-05T00:00:00Z,5.178100634071222,12.0,9.92616452775745,2.612148559936171,3800.0
669221,Sean,Murphy,ATL,LAD,False,C,849823,2026-10-05T00:00:00Z,5.138846285507994,11.200000000000005,9.92728474257757,2.612443353309887,3800.0
669134,Luis,Campusano,SD,MIL,False,C,849825,2026-10-04T20:00:00Z,5.11724509599607,15.0,9.90727221053904,2.6071768975102736,3800.0
687957,Dustin,Harris,SD,MIL,False,OF,849825,2026-10-04T20:00:00Z,4.774912943160474,10.6,8.363362635355648,2.2603682798258506,3700.0
573262,Mike,Yastrzemski,ATL,LAD,False,OF,849823,2026-10-05T00:00:00Z,4.770976455647778,11.100000000000009,9.138758881961522,2.4699348329625734,3700.0
669242,Tommy,Edman,LAD,ATL,True,2B,849823,2026-10-05T00:00:00Z,4.690330644899373,14.900000000000006,9.948348115929392,2.7634300322026086,3600.0
806956,Ethan,Salas,SD,MIL,False,C,849825,2026-10-04T20:00:00Z,4.284259688834403,8.0,9.818601904362223,2.805314829817778,3500.0
669392,Samad,Taylor,SD,MIL,False,OF,849825,2026-10-04T20:00:00Z,4.2643326640523584,12.200000000000005,8.349543507125707,2.3855838591787735,3500.0
673490,Ha-Seong,Kim,ATL,LAD,False,SS,849823,2026-10-05T00:00:00Z,3.965892762946848,5.6000000000000085,6.274729952240772,1.8455088094825802,3400.0
650633,Mike,King,SD,MIL,False,P,849825,2026-10-04T20:00:00Z,15.80283105505173,19.97222222222222,15.80283105505173,2.621925209718956,7600.0
701656,Logan,Henderson,MIL,SD,True,P,849825,2026-10-04T20:00:00Z,15.141166505704067,23.71,15.141166505704067,2.5201507828756524,7400.0
605483,Blake,Snell,LAD,ATL,True,P,849823,2026-10-05T00:00:00Z,14.830268193257789,13.86111111111111,14.830268193257789,2.7824746990404505,7300.0
