key_mlbam,name_first,name_last,team,opponent,is_home,game_pk,game_datetime,PA_L,PA_R,Expected_Bases,Expected_BB,Expected_HBP,Expected_RBI,Game_Hit_Probability,Matchup_Hit_Probability,Matchup_Ratio,Adjusted_Expected_Bases,DK_Points_Hitter_HitType,DK_Points_Hitter,dk_slot,DK_Points_Hitter_Source,Ceiling_DK_Points,n_games,Ceiling_Source,Upside_Deviation,Upside_Deviation_Source,Boom_Adjusted_DK_Points,Boom_Rate,Boom_Rate_Source,Matchup_Boom_Score
682987,Spencer,Jones,NYY,TB,False,849835,2026-10-03T22:30:00Z,64.0,231,1.083317307692308,0.2717696382007822,0.0020762711864406,0.3206766623207301,0.6165810994586074,0.49549749278531385,0.8036209563030529,0.8705764907873411,2.3503824098276636,6.6192490919179106,OF,model,14.799999999999997,83,player,4.8896196394513085,player,11.508868731369219,0.13253012048192772,player,0.10650398216064556
808959,Munetaka,Murakami,CWS,CLE,False,849829,2026-10-03T17:00:00Z,171.0,382,1.5361726937596587,0.3710505314747251,0.0802041311420324,0.6156366648306876,0.5687883988814058,0.34403168794029715,0.6048500437366144,0.9291541210075224,2.508530295896109,6.5824179018174815,1B,model,17.200000000000003,129,player,6.051009807592519,player,12.63342770941,0.23255813953488372,player,0.1406628008689801
621566,Matt,Olson,ATL,LAD,False,849828,2026-10-03T20:00:00Z,285.0,414,1.3296883949828024,0.2025491994527286,0.0026287553648068,0.4856159975758266,0.5901945103873534,0.525170421458024,0.8898260017927765,1.1831913081378012,3.194379893710436,6.468030980198209,1B,model,16.0,164,player,5.387685681124372,player,11.855716661322582,0.21341463414634146,player,0.18990189062650717
671218,Heliot,Ramos,NYY,TB,False,849835,2026-10-03T22:30:00Z,116.0,325,1.295204205436964,0.2369860426929392,0.0069444444444444,0.3410176518883415,0.5920626228945595,0.49000967044932386,0.8276314894760546,1.0719517857214442,2.8940554310907554,6.424105794074661,OF,model,14.200000000000003,109,player,5.645003249480863,player,12.069109043555525,0.11009174311926606,player,0.09111539333681336
663586,Austin,Riley,ATL,LAD,False,849828,2026-10-03T20:00:00Z,187.0,450,1.1883098687027258,0.3709023119737406,0.0983598901098901,0.4312689453403739,0.568451818812929,0.5086769441358809,0.894846189775814,1.063354558281632,2.87084463644875,6.340766354159836,3B,model,14.0,161,player,4.859045053862727,player,11.199811408022562,0.10559006211180125,player,0.09448686475893689
592518,Manny,Machado,SD,MIL,False,849830,2026-10-04T00:30:00Z,156.0,515,1.948259811377016,0.262163864005342,0.0009128166915052,0.7424194534539182,0.5746561631176001,0.5908923114458384,1.0282536747542297,2.003305310424399,5.408523677083793,6.304131070529453,3B,model,16.0,160,player,5.382042443104198,player,11.686173513633651,0.18125,player,0.18637097854920412
678246,Miguel,Vargas,CWS,CLE,False,849829,2026-10-03T17:00:00Z,203.0,498,0.9341926320794856,0.6485215669344545,0.0061162624821683,0.4298380290061815,0.6060586557255359,0.39491239376777765,0.6516075466243659,0.6087269690638725,1.6434410710786431,6.168138566493751,3B,model,16.0,161,player,5.888017154003586,player,12.056155720497337,0.18012422360248448,player,0.11737030342923362
700250,Ben,Rice,NYY,TB,False,849835,2026-10-03T22:30:00Z,226.0,443,2.1573508534881234,0.521542116231709,0.013770553064275,0.6820743869417192,0.6152276360379887,0.5803348967860509,0.9432848311616104,2.0349963355889007,5.494083106822915,6.1675583453281515,,model,18.0,150,player,6.317649867779303,player,12.485208213107455,0.25333333333333335,player,0.23896549056094132
806146,George,Lombard,NYY,TB,False,849835,2026-10-03T22:30:00Z,32.0,139,1.6637587660662352,0.0694250945992432,0.0150875042999656,0.6373250207180161,0.6225770533149504,0.5214858260193012,0.8376245530454701,1.393605192801713,3.762455299526065,6.107376161649034,SS,model,16.699999999999996,42,player,4.744287137920296,player,10.851663299569331,0.14285714285714285,player,0.11966065043506716
641355,Cody,Bellinger,NYY,TB,False,849835,2026-10-03T22:30:00Z,201.0,363,1.4235059390463485,0.1474636001526792,0.0,0.6240215181447875,0.6217077932173988,0.5335875160711547,0.8582609417034762,1.2217395477664104,3.2984524310597547,6.06130555545353,OF,model,16.0,130,player,5.593971086542076,player,11.655276641995606,0.13076923076923078,player,0.1122341231458392
805367,Chase,Meidroth,CWS,CLE,False,849829,2026-10-03T17:00:00Z,183.0,458,2.1295474085630097,0.3017654922863581,0.0582451031374588,0.7384643135725429,0.6331851863795976,0.545846844304575,0.8620650894023555,1.8358084771494254,4.956315726608019,6.059968097710628,2B,model,14.0,156,player,4.944004805656032,player,11.003972903366659,0.11538461538461539,player,0.09946904877719487
645277,Ozzie,Albies,ATL,LAD,False,849828,2026-10-03T20:00:00Z,259.0,421,1.0192925863044708,0.2664869268908752,0.0962283968341156,0.3428362172578426,0.5770359830594182,0.493720281935236,0.8556143748914129,0.8721213890623514,2.3545533261905365,6.032730244810511,2B,model,14.0,164,player,4.5937287278756616,player,10.626458972686173,0.10975609756097561,player,0.09390889480515507
593428,Xander,Bogaerts,SD,MIL,False,849830,2026-10-04T00:30:00Z,160.0,447,2.02894944088613,0.5098555496119415,0.0040362438220757,0.410200227465341,0.6070308648639089,0.5931532839844527,0.9771385909964109,1.9825647978704288,5.352528441290584,6.0310637113563255,SS,model,12.0,155,player,4.230511460364263,player,10.261575171720589,0.09032258064516129,player,0.08825767918677259
686948,Drake,Baldwin,ATL,LAD,False,849828,2026-10-03T20:00:00Z,232.0,392,1.454118726184806,0.1630605873422243,0.0457630661070096,0.3158410608676669,0.6306580758730373,0.5899785944686408,0.9354967724022516,1.3603233750355594,3.672601047921004,6.006596525621095,C,model,15.0,140,player,5.2321158667549295,player,11.238712392376025,0.15714285714285714,player,0.14700663566321095
665487,Fernando,Tatís,SD,MIL,False,849830,2026-10-04T00:30:00Z,162.0,537,1.9523448848646927,0.4260006638681978,0.0605800642904497,0.5613220269491149,0.6471537528328671,0.6255678802459499,0.966644908582502,1.8872242427515462,5.095128010580625,6.006523240154994,OF,model,15.0,160,player,5.15234207970026,player,11.158865319855254,0.15,player,0.14499673628737528
657757,Gavin,Sheets,SD,MIL,False,849830,2026-10-04T00:30:00Z,71.0,347,3.213165370813397,0.0718002392344497,0.0073265550239234,1.2703199760765551,0.566320583649404,0.2419167234063948,0.5,1.6065826854066985,4.337451934061005,5.929634623081282,1B,model,13.200000000000017,125,player,5.1978791490376155,player,11.127513772118897,0.104,player,0.052
643289,Mauricio,Dubón,ATL,LAD,False,849828,2026-10-03T20:00:00Z,212.0,412,1.578274525790973,0.0938235686902966,0.0215789707977208,0.284373456422605,0.6446907391535401,0.5954697433763139,0.9236517716357272,1.4577760618743694,3.935703811848423,5.923386829199378,OF,model,13.599999999999994,155,player,4.031719189798592,player,9.95510601899797,0.1032258064516129,player,0.09534469900755893
803011,Sam,Antonacci,CWS,CLE,False,849829,2026-10-03T17:00:00Z,115.0,446,1.3474413021208862,0.227609939705352,0.2134906188127057,0.2904949495040615,0.6298860818294828,0.4016465296671091,0.6376494754425124,0.859195239486959,2.319655307566892,5.834910021513894,OF,model,12.0,141,player,4.0759468410647735,player,9.910856862578667,0.0851063829787234,player,0.05426804046319254
671739,Michael,Harris,ATL,LAD,False,849828,2026-10-03T20:00:00Z,226.0,401,1.8907342581162097,0.0957494429660834,0.0610938612952662,0.5065343831977692,0.611448299912601,0.6255754920537073,1.0231044752976264,1.9344186810772315,5.22254355517231,5.82318232179523,OF,model,16.400000000000006,157,player,5.418029238027988,player,11.241211559823217,0.18471337579617833,player,0.18898108142440231
701538,Jackson,Merrill,SD,MIL,False,849830,2026-10-04T00:30:00Z,185.0,476,1.7254704741648097,0.1573323247604639,0.0027798789712556,0.5714157231630147,0.619697789878304,0.6439913966444832,1.0392023453415091,1.7931129635695962,4.841046379045196,5.815140829915507,OF,model,15.0,159,player,5.589990846458965,player,11.405131676374474,0.1509433962264151,player,0.15686073137230325
660670,Ronald,Acuña,ATL,LAD,False,849828,2026-10-03T20:00:00Z,150.0,326,1.2037493746765568,0.3267814440658961,0.0783962879506641,0.4323985250991892,0.5814220194188546,0.5460121088453482,0.9390977476069801,1.1304383264420652,3.051957393728288,5.797562875384548,OF,model,15.0,109,player,5.376996588810468,player,11.174559464195017,0.1559633027522936,player,0.14646478632402443
665862,Jazz,Chisholm,NYY,TB,False,849835,2026-10-03T22:30:00Z,159.0,370,1.0302221172022683,0.5230929032766225,0.0011578449905482,0.0865666351606805,0.5986307699206068,0.5424544798206703,0.9061586992807155,0.9335447336942323,2.5203840720276887,5.5750690257215725,2B,model,14.0,135,player,4.811306773103208,player,10.38637579882478,0.1259259259259259,player,0.11410887324275674
695657,Colson,Montgomery,CWS,CLE,False,849829,2026-10-03T17:00:00Z,200.0,441,0.8137857090370572,0.2712956996540731,0.1284171819771341,0.3345016844152026,0.4572280507872699,0.34602729451666836,0.7567936698565791,0.6158678732189928,1.662720084116637,5.523508569737319,SS,model,15.0,155,player,5.333827237600656,player,10.857335807337975,0.2064516129032258,player,0.15624127377684213
630105,Jake,Cronenworth,SD,MIL,False,849830,2026-10-04T00:30:00Z,96.0,333,1.212312716291927,0.2598812793758459,0.1819944359208053,0.6410232258573332,0.5544708438968156,0.5583208999929625,1.006943658333933,1.2207306015877404,3.295728478166582,5.508928685167558,2B,model,10.100000000000009,110,player,4.2200070858540215,player,9.728935771021579,0.045454545454545456,player,0.04577016628790605
686668,Brenton,Doyle,CWS,CLE,False,849829,2026-10-03T17:00:00Z,97.0,126,2.0728850539655324,0.0329596412556053,0.0,0.50652302877429,0.5926022011732444,0.4814143889333655,0.8123736091095388,1.6839571125592006,4.54634741248733,5.491562786167902,OF,model,10.700000000000003,74,player,3.9491582254942315,player,9.440721011662134,0.05405405405405406,player,0.04391208697889399
683011,Anthony,Volpe,NYY,TB,False,849835,2026-10-03T22:30:00Z,101.0,147,1.1429727822580644,0.2017198420698924,0.0,0.5241444052419355,0.5700871210003017,0.498495291461863,0.8744194932647833,0.9994376810775362,2.698281851373132,5.4329871766185205,SS,model,11.399999999999999,67,player,4.617759202924122,player,10.050746379542643,0.07462686567164178,player,0.06525518606453606
671277,Luis,García,NYY,TB,False,849835,2026-10-03T22:30:00Z,89.0,458,1.5909430225472274,0.150148537477148,0.0,0.5578382084095064,0.5695130884646193,0.544458310459308,0.9560066686564521,1.5209521390076017,4.106266584892723,5.409315282895352,1B,model,17.0,147,player,6.495876314446213,player,11.905191597341565,0.19727891156462585,player,0.18859995504106877
691019,Kyle,Teel,CWS,CLE,False,849829,2026-10-03T17:00:00Z,42.0,110,1.2075627579979362,0.368302000162946,0.1905850137146271,0.5099552848840367,0.5642523141217618,0.4257532264388142,0.7545440502117986,0.9111592943046928,2.45994786276381,5.342837752848488,C,model,14.0,41,player,4.600046745154031,player,9.942884498002519,0.12195121951219512,player,0.09201756709899983
545341,Randal,Grichuk,CWS,CLE,False,849829,2026-10-03T17:00:00Z,178.0,100,2.141840973167412,0.1062139072525763,0.0022032374100719,0.6657109785144858,0.582930834109921,0.5321024468034845,0.9128054576422493,1.9550841297090003,5.278336133388359,5.294989668953605,,model,12.0,113,player,5.062131595942072,player,10.357121264895676,0.08849557522123894,player,0.08077924403913711
664034,Ty,France,SD,MIL,False,849830,2026-10-04T00:30:00Z,136.0,362,1.285207772265533,0.2570735392550595,0.1406883760532325,0.3530001082762423,0.6044543820882297,0.5680491630001407,0.939771767453619,1.2078019796871082,3.260823784759255,5.2646069435524145,1B,model,15.0,130,player,5.643342576003339,player,10.907949519555753,0.14615384615384616,player,0.13735125832014433
669224,Austin,Wells,NYY,TB,False,849835,2026-10-03T22:30:00Z,101.0,288,1.463755355612682,0.7177131533847472,0.0047236503856041,0.4941029348757498,0.5260637519235456,0.4937009753948416,0.9384812650360913,1.3737069778387436,3.7087340987690403,5.21651437646687,C,model,11.900000000000006,122,player,4.343483054957682,player,9.559997431424552,0.07377049180327869,player,0.06923222446987559
671976,Tristan,Peters,CWS,CLE,False,849829,2026-10-03T17:00:00Z,68.0,425,0.7555966165201713,0.2098634353166553,0.1067497041920216,0.3729620943204867,0.5259521120272086,0.39609923371412403,0.7531089326505699,0.5690465613818881,1.5363119064188218,5.164326464419712,OF,model,13.0,151,player,5.074131560489752,player,10.238458024909464,0.09271523178807947,player,0.06982466925237071
609280,Miguel,Andújar,SD,MIL,False,849830,2026-10-04T00:30:00Z,81.0,172,0.2445158102766798,0.0217885375494071,0.0096837944664031,0.0532608695652173,0.5418135258292112,0.5601998285978622,1.0339347430290007,0.2528133914649468,0.6825455942770634,5.15935194604005,,model,12.0,73,player,4.255015553222071,player,9.41436749926212,0.0958904109589041,player,0.09914442741373979
643217,Andrew,Benintendi,CWS,CLE,False,849829,2026-10-03T17:00:00Z,47.0,418,0.9491213319458898,0.6048019424210892,0.0013172043010752,0.8500282344779744,0.5116208792207113,0.41158877899404445,0.8044800275175764,0.7635491552413481,2.061430009320592,5.126301420898887,,model,14.799999999999997,143,player,4.8504124598716105,player,9.976713880770497,0.13986013986013987,player,0.1125146891632974
642086,Dominic,Smith,ATL,LAD,False,849828,2026-10-03T20:00:00Z,38.0,260,1.605243288590604,0.3327740492170022,0.0041107382550335,0.5515240492170022,0.4896545410714317,0.5459042513427996,1.1148763169811227,1.789647725442558,4.8316909291498185,5.119018794474231,,model,12.299999999999997,108,player,4.574343416315911,player,9.693362210790141,0.08333333333333333,player,0.09290635974842688
663757,Trent,Grisham,NYY,TB,False,849835,2026-10-03T22:30:00Z,136.0,348,1.4169817493112948,0.5628925619834712,0.0,0.2314893250688705,0.5325142302370109,0.48311385240935545,0.9072318164987471,1.2855309263732582,3.470676395022523,5.071837855527713,OF,model,16.0,119,player,5.586560636143343,player,10.658398491671056,0.13445378151260504,player,0.12198074843680633
669134,Luis,Campusano,SD,MIL,False,849830,2026-10-04T00:30:00Z,54.0,198,0.8711288638262322,0.3396632205513784,0.0205592105263157,0.2726911027568923,0.5594070211711862,0.5987147211406498,1.0702667261615133,0.9323402371521003,2.5171321722632407,5.035487558510622,C,model,15.0,72,player,4.829047695570063,player,9.864535254080685,0.125,player,0.13378334077018916
669221,Sean,Murphy,ATL,LAD,False,849828,2026-10-03T20:00:00Z,37.0,88,0.8033585199824329,0.5299500329380764,0.0,0.2130434782608695,0.5198569204428469,0.5054862921560414,0.9723565701990391,0.7811509351302947,2.1089512946647697,4.972396172393818,C,model,9.7,34,player,4.766307561115667,player,9.738703733509485,0.08823529411764706,player,0.08579616795873875
695731,Braden,Montgomery,CWS,CLE,False,849829,2026-10-03T17:00:00Z,106.0,266,1.281147842014692,0.1558877802077638,0.0049395161290322,0.1288460224166211,0.57246181027787,0.35401361530000663,0.6184056454843166,0.7922690582019349,2.1389680033335843,4.939154820680546,OF,model,12.0,94,player,4.06663208422901,player,9.005786904909556,0.07446808510638298,player,0.04605148423819379
687957,Dustin,Harris,SD,MIL,False,849830,2026-10-04T00:30:00Z,21.0,132,1.1869662309368192,0.1734596949891067,0.0883257080610021,0.3426481481481481,0.5955932690997923,0.5514727761262787,0.9259217736959999,1.0990378778662755,2.967182462663371,4.8004020132405945,OF,model,10.700000000000003,44,player,3.6327719865877133,player,8.433173999828307,0.06818181818181818,player,0.06313103002472727
641857,Ryan,McMahon,NYY,TB,False,849835,2026-10-03T22:30:00Z,64.0,299,1.1121728968982756,0.2917501402918069,0.0033746556473829,0.675832823181308,0.5343588950029486,0.5171545490155833,0.9678037623248128,1.0763651139738373,2.905970534706566,4.752978325759237,3B,model,12.0,115,player,4.186706134904583,player,8.93968446066382,0.08695652173913043,player,0.0841568488978098
573262,Mike,Yastrzemski,ATL,LAD,False,849828,2026-10-03T20:00:00Z,42.0,373,0.9242569508804448,0.3087177942539388,0.0059036144578313,0.3813598239110287,0.4664557261639975,0.4842641492155917,1.0381781636556286,0.9595433840110107,2.590575228152927,4.741246924620186,OF,model,11.100000000000009,140,player,4.367782426313743,player,9.109029350933929,0.07142857142857142,player,0.07415558311825919
502671,Paul,Goldschmidt,NYY,TB,False,849835,2026-10-03T22:30:00Z,185.0,196,1.1781266404199475,0.4419717847769029,0.0048228346456692,0.2998654855643045,0.5279051018916256,0.545204942684032,1.0327707399121857,1.2167347221367668,3.2849404028248435,4.740938611609805,1B,model,15.799999999999997,103,player,5.182886401080036,player,9.923825012689841,0.1262135922330097,player,0.13034970503746032
682668,Luisangel,Acuña,CWS,CLE,False,849829,2026-10-03T17:00:00Z,109.0,112,1.1405193709633754,0.0614601461886529,0.0027714932126696,0.237526951115752,0.4968453054047967,0.40443240027615845,0.8140006474382477,0.9283835063800506,2.506449790524861,4.482895029749776,SS,model,7.0,82,player,2.708635143878404,player,7.1915301736281805,0.012195121951219513,player,0.009926837163881071
642708,Amed,Rosario,NYY,TB,False,849835,2026-10-03T22:30:00Z,160.0,83,0.9991336980920312,0.210149332834518,0.0,0.4418007232822047,0.5410706039234199,0.5433054328323699,1.0041303831565507,1.0032605030897728,2.7086027062417686,4.476392295410066,3B,model,11.200000000000017,85,player,5.354604099281738,player,9.830996394691804,0.07058823529411765,player,0.07087979175222711
806956,Ethan,Salas,SD,MIL,False,849830,2026-10-04T00:30:00Z,7.0,34,1.7993902439024387,0.0833333333333333,0.0,0.5709349593495935,0.5359169929458583,0.5665695096883842,1.0571963888923048,1.902308868061702,5.135853481992983,4.290491714547846,C,model,8.0,17,player,5.682916719293769,player,9.973408433841616,0.058823529411764705,player,0.06218802287601793
669720,Austin,Hays,SD,MIL,False,849830,2026-10-04T00:30:00Z,54.0,54,1.083106380837359,0.1577430555555555,0.0,0.582391807568438,0.5385201849776846,0.6610672477335371,1.2275626172878378,1.3295809036618662,3.5896025237063065,4.265603153437778,,model,8.800000000000011,39,player,3.64657742693927,player,7.912180580377047,0.07692307692307693,player,0.09442789363752599
669392,Samad,Taylor,SD,MIL,False,849830,2026-10-04T00:30:00Z,53.0,121,1.0540159990895757,0.2458506134664149,0.0143784589186888,0.3391749835441076,0.5322077843038647,0.561649203197083,1.0553194067458598,1.1123235388598556,3.0030510902138383,4.098974728942346,OF,model,12.200000000000003,49,player,4.085210843073349,player,8.184185572015695,0.061224489795918366,player,0.06461139224974652
673490,Ha-Seong,Kim,ATL,LAD,False,849828,2026-10-03T20:00:00Z,70.0,80,0.5737799205236092,0.6686096306685367,0.0040833333333333,0.1089262505843852,0.4414282913729407,0.4766171607277361,1.0797159358439625,0.6195193238566231,1.6725782705481111,3.929644210215267,SS,model,5.799999999999997,47,player,2.3308210683000836,player,6.260465278515351,0.0,player,0.0
