key_mlbam,game_pk,name_first,name_last,team,opponent,is_home,Model_Hit_Probability,forecast_date,generated_at_utc
805367,849834,Chase,Meidroth,CWS,CLE,False,0.6416000509070778,2026-10-05,2026-10-05T19:26:22.387769+00:00
802415,849839,Chandler,Simpson,TB,NYY,True,0.6406659836522036,2026-10-05,2026-10-05T19:26:22.387769+00:00
666018,849839,Jonathan,Aranda,TB,NYY,True,0.6348957050107968,2026-10-05,2026-10-05T19:26:22.387769+00:00
803011,849834,Sam,Antonacci,CWS,CLE,False,0.6345120701393585,2026-10-05,2026-10-05T19:26:22.387769+00:00
680757,849834,Steven,Kwan,CLE,CWS,True,0.6339854529584931,2026-10-05,2026-10-05T19:26:22.387769+00:00
641355,849839,Cody,Bellinger,NYY,TB,False,0.6327108887822283,2026-10-05,2026-10-05T19:26:22.387769+00:00
691406,849839,Junior,Caminero,TB,NYY,True,0.6314615016056225,2026-10-05,2026-10-05T19:26:22.387769+00:00
680700,849839,Richie,Palacios,TB,NYY,True,0.6303440005485956,2026-10-05,2026-10-05T19:26:22.387769+00:00
683748,849839,Victor,Mesa,TB,NYY,True,0.630140569676889,2026-10-05,2026-10-05T19:26:22.387769+00:00
800050,849834,Chase,DeLauter,CLE,CWS,True,0.6299786006487718,2026-10-05,2026-10-05T19:26:22.387769+00:00
678246,849834,Miguel,Vargas,CWS,CLE,False,0.6265935317162902,2026-10-05,2026-10-05T19:26:22.387769+00:00
700250,849839,Ben,Rice,NYY,TB,False,0.6251075087417034,2026-10-05,2026-10-05T19:26:22.387769+00:00
676356,849839,Jonny,DeLuca,TB,NYY,True,0.6151801082010067,2026-10-05,2026-10-05T19:26:22.387769+00:00
650490,849839,Yandy,Díaz,TB,NYY,True,0.6045082635971704,2026-10-05,2026-10-05T19:26:22.387769+00:00
677587,849834,Brayan,Rocchio,CLE,CWS,True,0.6018180152684874,2026-10-05,2026-10-05T19:26:22.387769+00:00
682987,849839,Spencer,Jones,NYY,TB,False,0.5977321391352279,2026-10-05,2026-10-05T19:26:22.387769+00:00
683953,849834,Travis,Bazzana,CLE,CWS,True,0.5929898625566621,2026-10-05,2026-10-05T19:26:22.387769+00:00
666176,849834,Jo,Adell,CLE,CWS,True,0.5898453792434148,2026-10-05,2026-10-05T19:26:22.387769+00:00
806146,849839,George,Lombard,NYY,TB,False,0.5887434794426408,2026-10-05,2026-10-05T19:26:22.387769+00:00
663993,849834,Nathaniel,Lowe,CLE,CWS,True,0.5887056857085067,2026-10-05,2026-10-05T19:26:22.387769+00:00
608070,849834,José,Ramírez,CLE,CWS,True,0.5801063575321231,2026-10-05,2026-10-05T19:26:22.387769+00:00
689414,849839,Liam,Hicks,TB,NYY,True,0.578441853059491,2026-10-05,2026-10-05T19:26:22.387769+00:00
808959,849834,Munetaka,Murakami,CWS,CLE,False,0.5741664256503679,2026-10-05,2026-10-05T19:26:22.387769+00:00
545341,849834,Randal,Grichuk,CWS,CLE,False,0.5722076165107998,2026-10-05,2026-10-05T19:26:22.387769+00:00
671976,849834,Tristan,Peters,CWS,CLE,False,0.5698459769712158,2026-10-05,2026-10-05T19:26:22.387769+00:00
686668,849834,Brenton,Doyle,CWS,CLE,False,0.5678130581658907,2026-10-05,2026-10-05T19:26:22.387769+00:00
669224,849839,Austin,Wells,NYY,TB,False,0.5507907542479996,2026-10-05,2026-10-05T19:26:22.387769+00:00
671277,849839,Luis,García,NYY,TB,False,0.5507470665240161,2026-10-05,2026-10-05T19:26:22.387769+00:00
682657,849834,Angel,Martínez,CLE,CWS,True,0.5457195313675026,2026-10-05,2026-10-05T19:26:22.387769+00:00
665862,849839,Jazz,Chisholm,NYY,TB,False,0.5439109470956659,2026-10-05,2026-10-05T19:26:22.387769+00:00
691019,849834,Kyle,Teel,CWS,CLE,False,0.5434091064624804,2026-10-05,2026-10-05T19:26:22.387769+00:00
670764,849839,Taylor,Walls,TB,NYY,True,0.540536503186504,2026-10-05,2026-10-05T19:26:22.387769+00:00
595978,849834,Austin,Hedges,CLE,CWS,True,0.5293462430534542,2026-10-05,2026-10-05T19:26:22.387769+00:00
672275,849834,Patrick,Bailey,CLE,CWS,True,0.5279476030425462,2026-10-05,2026-10-05T19:26:22.387769+00:00
695657,849834,Colson,Montgomery,CWS,CLE,False,0.5184169953041684,2026-10-05,2026-10-05T19:26:22.387769+00:00
502671,849839,Paul,Goldschmidt,NYY,TB,False,0.5176950059657048,2026-10-05,2026-10-05T19:26:22.387769+00:00
641857,849839,Ryan,McMahon,NYY,TB,False,0.5118167097277347,2026-10-05,2026-10-05T19:26:22.387769+00:00
695731,849834,Braden,Montgomery,CWS,CLE,False,0.5040108252403441,2026-10-05,2026-10-05T19:26:22.387769+00:00
519317,849839,Giancarlo,Stanton,NYY,TB,False,0.5001628203161859,2026-10-05,2026-10-05T19:26:22.387769+00:00
681807,849834,David,Fry,CLE,CWS,True,0.493849014290186,2026-10-05,2026-10-05T19:26:22.387769+00:00
682668,849834,Luisangel,Acuña,CWS,CLE,False,0.4927784473530174,2026-10-05,2026-10-05T19:26:22.387769+00:00
643217,849834,Andrew,Benintendi,CWS,CLE,False,0.49241844704217774,2026-10-05,2026-10-05T19:26:22.387769+00:00
663757,849839,Trent,Grisham,NYY,TB,False,0.48886445138927825,2026-10-05,2026-10-05T19:26:22.387769+00:00
502054,849834,Tommy,Pham,CWS,CLE,False,0.4549999503685934,2026-10-05,2026-10-05T19:26:22.387769+00:00
