date,season,week,game_id,home_team,away_team,predicted_winner,predicted_loser,predicted_probability,above_threshold,status,market_home_win_probability,market_predicted_winner_probability,bet_units,bet_side,bet_team,bet_moneyline,bet_profit_units
2026-10-12,2026,5,2026_05_BUF_LA,LA,BUF,BUF,LA,0.5411784512931579,False,pending,0.5720596355604638,0.4279403644395362,0.0,away,BUF,124.0,
2026-10-11,2026,5,2026_05_SF_SEA,SEA,SF,SF,SEA,0.5197787698669705,False,pending,0.5829926410466066,0.41700735895339336,0.0,away,SF,130.0,
2026-10-11,2026,5,2026_05_PHI_JAX,JAX,PHI,JAX,PHI,0.5534866273176635,False,pending,0.7095435684647302,0.7095435684647302,0.422408160647565,away,PHI,230.0,
2026-10-11,2026,5,2026_05_NYG_WAS,WAS,NYG,WAS,NYG,0.5006594612740431,False,pending,0.6092362344582594,0.6092362344582594,0.0,away,NYG,145.0,
2026-10-11,2026,5,2026_05_MIN_NO,NO,MIN,NO,MIN,0.5074451059997941,False,pending,0.4572564612326044,0.4572564612326044,0.0,,,,
2026-10-11,2026,5,2026_05_LV_NE,NE,LV,LV,NE,0.5166032672836516,False,pending,0.6309403437815976,0.3690596562184024,0.0,away,LV,160.0,
2026-10-11,2026,5,2026_05_IND_PIT,PIT,IND,PIT,IND,0.5188088517480892,False,pending,0.5634920634920635,0.5634920634920635,0.0,,,,
2026-10-11,2026,5,2026_05_HOU_TEN,TEN,HOU,HOU,TEN,0.5264141337541632,False,pending,0.2742474916387959,0.7257525083612041,2.0,home,TEN,250.0,
2026-10-11,2026,5,2026_05_DET_ARI,ARI,DET,DET,ARI,0.533055826888722,False,pending,0.3425247738043946,0.6574752261956054,0.0,home,ARI,180.0,
2026-10-11,2026,5,2026_05_DEN_LAC,LAC,DEN,DEN,LAC,0.5334362538622031,False,pending,0.3775334481388264,0.6224665518611736,0.0,home,LAC,154.0,
2026-10-11,2026,5,2026_05_CLE_NYJ,NYJ,CLE,NYJ,CLE,0.5198658851822692,False,pending,0.5427435387673957,0.5427435387673957,0.0,,,,
2026-10-11,2026,5,2026_05_CIN_MIA,MIA,CIN,CIN,MIA,0.5497385915773072,False,pending,0.2559309849029475,0.7440690150970525,2.0,home,MIA,275.0,
2026-10-11,2026,5,2026_05_CHI_GB,GB,CHI,CHI,GB,0.5335716736078213,False,pending,0.4279403644395361,0.5720596355604639,0.0,,,,
2026-10-11,2026,5,2026_05_BAL_ATL,ATL,BAL,BAL,ATL,0.5424345930732364,False,pending,0.6224665518611737,0.3775334481388263,0.0,away,BAL,154.0,
2026-10-08,2026,5,2026_05_TB_DAL,DAL,TB,DAL,TB,0.5607125853553594,False,pending,0.7867435158501441,0.7867435158501441,2.0,away,TB,350.0,
2026-09-14,2026,1,2026_01_DEN_KC,KC,DEN,KC,DEN,0.5142280161195442,False,win,0.5720596355604638,0.5720596355604638,0.0,,,,
2026-09-13,2026,1,2026_01_WAS_PHI,PHI,WAS,PHI,WAS,0.514224659214289,False,win,0.6574752261956054,0.6574752261956054,0.0,away,WAS,180.0,
2026-09-13,2026,1,2026_01_TB_CIN,CIN,TB,TB,CIN,0.5036033334747786,False,loss,0.6369041816941223,0.36309581830587767,0.0,away,TB,164.0,
2026-09-13,2026,1,2026_01_NYJ_TEN,TEN,NYJ,NYJ,TEN,0.5131224401811816,False,win,0.5427435387673957,0.4572564612326043,0.0,,,,
2026-09-13,2026,1,2026_01_NO_DET,DET,NO,DET,NO,0.504778831474364,False,win,0.7179705215419501,0.7179705215419501,1.3715722978175575,away,NO,240.0,-1.3715722978175575
2026-09-13,2026,1,2026_01_MIA_LV,LV,MIA,MIA,LV,0.5419492901873155,False,loss,0.6369041816941223,0.36309581830587767,0.8852831065473266,away,MIA,164.0,-0.8852831065473266
2026-09-13,2026,1,2026_01_GB_MIN,MIN,GB,MIN,GB,0.540976791570976,False,win,0.5173641257162701,0.5173641257162701,0.0,,,,
2026-09-13,2026,1,2026_01_DAL_NYG,NYG,DAL,DAL,NYG,0.5058606504960994,False,loss,0.4279403644395361,0.5720596355604639,0.0,,,,
2026-09-13,2026,1,2026_01_CLE_JAX,JAX,CLE,CLE,JAX,0.5052389193391164,False,loss,0.7659021045164341,0.23409789548356585,1.3715722978175575,away,CLE,310.0,-1.3715722978175575
2026-09-13,2026,1,2026_01_CHI_CAR,CAR,CHI,CAR,CHI,0.5046598389251021,False,loss,0.4066302458405761,0.4066302458405761,0.0,home,CAR,136.0,
2026-09-13,2026,1,2026_01_BUF_HOU,HOU,BUF,HOU,BUF,0.5234823742719976,False,loss,0.4826358742837298,0.4826358742837298,0.0,,,,
2026-09-13,2026,1,2026_01_BAL_IND,IND,BAL,BAL,IND,0.5059049154957964,False,win,0.3907637655417407,0.6092362344582594,0.0,home,IND,145.0,
2026-09-13,2026,1,2026_01_ATL_PIT,PIT,ATL,PIT,ATL,0.5419369116987782,False,win,0.6092362344582594,0.6092362344582594,0.0,,,,
2026-09-13,2026,1,2026_01_ARI_LAC,LAC,ARI,ARI,LAC,0.5000298773444718,False,win,0.8118668596237336,0.18813314037626638,1.3715722978175575,away,ARI,410.0,5.623446421051986
2026-09-10,2026,1,2026_01_SF_LA,LA,SF,SF,LA,0.540625153766224,False,win,0.6369041816941223,0.36309581830587767,0.7972627229135628,away,SF,164.0,1.307510865578243
2026-09-09,2026,1,2026_01_NE_SEA,SEA,NE,NE,SEA,0.5346068214035147,False,loss,0.6092362344582594,0.39076376554174064,0.0,away,NE,145.0,
